video_id,views,likes,estimated_payment_usd,bonus_usd,total_earning_usd
VID0001,3114193,272807,7785.48,500,8285.48
VID0002,2895306,23181,7238.27,200,7438.27
VID0003,789463,60321,1973.66,500,2473.66
VID0004,4831280,80582,12078.2,500,12578.2
VID0005,3793168,131288,9482.92,500,9982.92
VID0006,866481,67043,2166.2,500,2666.2
VID0007,826306,72385,2065.77,500,2565.77
VID0008,2190815,135861,5477.04,500,5977.04
VID0009,2315602,27019,5789.0,200,5989.0
VID0010,1633454,127227,4083.63,500,4583.64
VID0011,714682,46133,1786.7,200,1986.7
VID0012,4020433,292976,10051.08,500,10551.08
VID0013,2705034,114810,6762.59,500,7262.59
VID0014,1708754,68009,4271.89,500,4771.89
VID0015,2926340,167766,7315.85,500,7815.85
VID0016,689201,62070,1723.0,500,2223.0
VID0017,1409721,110714,3524.3,500,4024.3
VID0018,3863458,155064,9658.65,500,10158.65
VID0019,3302326,112532,8255.82,500,8755.82
VID0020,222478,13247,556.2,100,656.2
VID0021,3395375,289302,8488.44,500,8988.44
VID0022,3671247,293433,9178.12,500,9678.12
VID0023,670310,53621,1675.77,500,2175.77
VID0024,1223971,105599,3059.93,500,3559.93
VID0025,1953634,116690,4884.09,500,5384.09
VID0026,716898,22206,1792.25,200,1992.25
VID0027,3773402,359169,9433.51,500,9933.51
VID0028,798100,3439,1995.25,0,1995.25
VID0029,4364723,163813,10911.81,500,11411.81
VID0030,3553691,330109,8884.23,500,9384.23
VID0031,2764978,84482,6912.44,500,7412.44
VID0032,4421221,101972,11053.05,500,11553.05
VID0033,3317069,259128,8292.67,500,8792.67
VID0034,431056,31769,1077.64,200,1277.64
VID0035,3329788,204020,8324.47,500,8824.47
VID0036,1903034,23956,4757.59,200,4957.59
VID0037,3156074,192012,7890.19,500,8390.19
VID0038,4516317,219861,11290.79,500,11790.79
VID0039,4912849,246216,12282.12,500,12782.12
VID0040,3408682,49775,8521.7,200,8721.7
VID0041,2402738,159292,6006.84,500,6506.84
VID0042,1562277,43267,3905.69,200,4105.69
VID0043,704116,48964,1760.29,200,1960.29
VID0044,2783696,185554,6959.24,500,7459.24
VID0045,4275428,198599,10688.57,500,11188.57
VID0046,39133,971,97.83,0,97.83
VID0047,394546,1284,986.37,0,986.37
VID0048,2510073,168550,6275.18,500,6775.18
VID0049,86042,6277,215.11,0,215.11
VID0050,1296887,90882,3242.22,500,3742.22
VID0051,593677,25856,1484.19,200,1684.19
VID0052,1232370,75451,3080.92,500,3580.92
VID0053,3386967,110811,8467.42,500,8967.42
VID0054,4787846,239205,11969.61,500,12469.61
VID0055,3163440,11415,7908.6,100,8008.6
VID0056,1369237,81179,3423.09,500,3923.09
VID0057,2130728,173252,5326.82,500,5826.82
VID0058,3158754,5523,7896.89,0,7896.89
VID0059,2096141,108947,5240.35,500,5740.35
VID0060,3175100,237732,7937.75,500,8437.75
VID0061,3010801,192378,7527.0,500,8027.0
VID0062,865852,54899,2164.63,500,2664.63
VID0063,2004515,75466,5011.29,500,5511.29
VID0064,4425220,68037,11063.05,500,11563.05
VID0065,530513,28216,1326.28,200,1526.28
VID0066,4770136,186010,11925.34,500,12425.34
VID0067,4131401,159113,10328.5,500,10828.5
VID0068,3514758,31113,8786.9,200,8986.9
VID0069,2995224,13170,7488.06,100,7588.06
VID0070,4790616,358131,11976.54,500,12476.54
VID0071,4960361,233894,12400.9,500,12900.9
VID0072,1173148,37046,2932.87,200,3132.87
VID0073,4078008,7215,10195.02,0,10195.02
VID0074,1313745,78220,3284.36,500,3784.36
VID0075,1891566,91207,4728.91,500,5228.91
VID0076,1820629,6612,4551.57,0,4551.57
VID0077,4583745,145680,11459.36,500,11959.36
VID0078,2705702,175266,6764.26,500,7264.26
VID0079,4988065,94601,12470.16,500,12970.16
VID0080,1704667,116128,4261.67,500,4761.67
VID0081,3411773,130752,8529.43,500,9029.43
VID0082,1409474,41010,3523.68,200,3723.68
VID0083,370200,29669,925.5,200,1125.5
VID0084,1083624,12762,2709.06,100,2809.06
VID0085,4525688,130369,11314.22,500,11814.22
VID0086,1009460,77464,2523.65,500,3023.65
VID0087,2139775,189535,5349.44,500,5849.44
VID0088,1750703,130765,4376.76,500,4876.76
VID0089,3147435,291028,7868.59,500,8368.59
VID0090,1751863,93895,4379.66,500,4879.66
VID0091,1166538,103127,2916.35,500,3416.35
VID0092,2540195,113363,6350.49,500,6850.49
VID0093,4096678,149948,10241.69,500,10741.69
VID0094,3778087,339281,9445.22,500,9945.22
VID0095,552088,45859,1380.22,200,1580.22
VID0096,3008273,202379,7520.68,500,8020.68
VID0097,1869730,71175,4674.32,500,5174.32
VID0098,599855,6642,1499.64,0,1499.64
VID0099,1652822,49160,4132.05,200,4332.05
VID0100,670752,4593,1676.88,0,1676.88
VID0101,2526126,177264,6315.32,500,6815.32
VID0102,3730360,331964,9325.9,500,9825.9
VID0103,2668580,94120,6671.45,500,7171.45
VID0104,4861814,215195,12154.53,500,12654.53
VID0105,4510107,242634,11275.27,500,11775.27
VID0106,819103,64440,2047.76,500,2547.76
VID0107,4275146,104625,10687.86,500,11187.86
VID0108,1335804,55251,3339.51,500,3839.51
VID0109,3504540,179633,8761.35,500,9261.35
VID0110,756059,32028,1890.15,200,2090.15
VID0111,3482524,28185,8706.31,200,8906.31
VID0112,3963702,265054,9909.26,500,10409.26
VID0113,3211708,36209,8029.27,200,8229.27
VID0114,853911,51340,2134.78,500,2634.78
VID0115,1787540,40592,4468.85,200,4668.85
VID0116,2826870,40671,7067.17,200,7267.17
VID0117,3671287,213076,9178.22,500,9678.22
VID0118,1834618,90933,4586.55,500,5086.55
VID0119,3697542,282561,9243.85,500,9743.85
VID0120,2737068,36483,6842.67,200,7042.67
VID0121,4702480,320790,11756.2,500,12256.2
VID0122,4873894,190096,12184.74,500,12684.74
VID0123,1128348,56485,2820.87,500,3320.87
VID0124,1340705,1113,3351.76,0,3351.76
VID0125,2345011,54123,5862.53,500,6362.53
VID0126,53240,1351,133.1,0,133.1
VID0127,4935847,316153,12339.62,500,12839.62
VID0128,1775567,48651,4438.92,200,4638.92
VID0129,1670138,145624,4175.34,500,4675.34
VID0130,2980588,111098,7451.47,500,7951.47
VID0131,3986116,72290,9965.29,500,10465.29
VID0132,3363619,260088,8409.05,500,8909.05
VID0133,3639179,182175,9097.95,500,9597.95
VID0134,4020842,246955,10052.1,500,10552.1
VID0135,4407699,100898,11019.25,500,11519.25
VID0136,2686932,222471,6717.33,500,7217.33
VID0137,2557466,90304,6393.66,500,6893.66
VID0138,1214531,20510,3036.33,200,3236.33
VID0139,2165073,202447,5412.68,500,5912.68
VID0140,3438598,268215,8596.49,500,9096.49
VID0141,4154006,250598,10385.02,500,10885.02
VID0142,13338,507,33.34,0,33.34
VID0143,391771,34173,979.43,200,1179.43
VID0144,1436800,118063,3592.0,500,4092.0
VID0145,1487535,22522,3718.84,200,3918.84
VID0146,3276735,25031,8191.84,200,8391.84
VID0147,4519447,345030,11298.62,500,11798.62
VID0148,2190986,23240,5477.47,200,5677.47
VID0149,3972302,72141,9930.76,500,10430.76
VID0150,4884709,252490,12211.77,500,12711.77
VID0151,554722,31193,1386.8,200,1586.8
VID0152,2248799,133074,5622.0,500,6122.0
VID0153,2813003,3642,7032.51,0,7032.51
VID0154,1599365,95273,3998.41,500,4498.41
VID0155,3358944,300597,8397.36,500,8897.36
VID0156,1632236,152051,4080.59,500,4580.59
VID0157,4229209,249818,10573.02,500,11073.02
VID0158,3634680,340893,9086.7,500,9586.7
VID0159,4035205,346266,10088.01,500,10588.01
VID0160,3654821,82332,9137.05,500,9637.05
VID0161,235742,16110,589.36,100,689.36
VID0162,659279,25422,1648.2,200,1848.2
VID0163,4456529,112320,11141.32,500,11641.32
VID0164,3215268,246194,8038.17,500,8538.17
VID0165,2235935,185744,5589.84,500,6089.84
VID0166,2608555,223013,6521.39,500,7021.39
VID0167,3332293,61990,8330.73,500,8830.73
VID0168,2684898,202830,6712.25,500,7212.25
VID0169,2916850,58766,7292.12,500,7792.12
VID0170,1115456,90762,2788.64,500,3288.64
VID0171,4216346,369101,10540.86,500,11040.86
VID0172,4625894,352376,11564.74,500,12064.74
VID0173,4028547,205477,10071.37,500,10571.37
VID0174,366898,4894,917.25,0,917.25
VID0175,2442529,1992,6106.32,0,6106.32
VID0176,1355525,98165,3388.81,500,3888.81
VID0177,1423657,109906,3559.14,500,4059.14
VID0178,3048647,179242,7621.62,500,8121.62
VID0179,3152944,56219,7882.36,500,8382.36
VID0180,1726502,135351,4316.26,500,4816.26
VID0181,4788441,138346,11971.1,500,12471.1
VID0182,3179791,179936,7949.48,500,8449.48
VID0183,432590,19376,1081.47,100,1181.47
VID0184,1983455,109119,4958.64,500,5458.64
VID0185,3854329,16031,9635.82,100,9735.82
VID0186,4700731,87589,11751.83,500,12251.83
VID0187,1668307,31629,4170.77,200,4370.77
VID0188,2399545,193964,5998.86,500,6498.86
VID0189,1842740,76300,4606.85,500,5106.85
VID0190,2737017,140148,6842.54,500,7342.54
VID0191,1591771,40717,3979.43,200,4179.43
VID0192,4932369,57427,12330.92,500,12830.92
VID0193,1522379,112557,3805.95,500,4305.95
VID0194,4163864,224470,10409.66,500,10909.66
VID0195,1504078,68013,3760.19,500,4260.19
VID0196,3599302,43463,8998.26,200,9198.26
VID0197,3178026,177324,7945.06,500,8445.06
VID0198,2158118,18895,5395.3,100,5495.3
VID0199,582834,28765,1457.08,200,1657.08
VID0200,1315101,50072,3287.75,500,3787.75
VID0201,488889,19,1222.22,0,1222.22
VID0202,4301493,196261,10753.73,500,11253.73
VID0203,1822777,80933,4556.94,500,5056.94
VID0204,40803,3708,102.01,0,102.01
VID0205,2383516,89914,5958.79,500,6458.79
VID0206,2939694,73552,7349.23,500,7849.23
VID0207,1098016,87119,2745.04,500,3245.04
VID0208,3482668,154573,8706.67,500,9206.67
VID0209,1147274,53683,2868.18,500,3368.18
VID0210,1037776,73358,2594.44,500,3094.44
VID0211,931643,79764,2329.11,500,2829.11
VID0212,4619997,292351,11549.99,500,12049.99
VID0213,3296500,199592,8241.25,500,8741.25
VID0214,4443108,304562,11107.77,500,11607.77
VID0215,3131163,297210,7827.91,500,8327.91
VID0216,3427888,74124,8569.72,500,9069.72
VID0217,1469641,45696,3674.1,200,3874.1
VID0218,4445578,347513,11113.95,500,11613.95
VID0219,1117166,47836,2792.91,200,2992.91
VID0220,708922,6891,1772.31,0,1772.31
VID0221,2063930,10057,5159.82,100,5259.82
VID0222,2433329,18418,6083.32,100,6183.32
VID0223,1821573,114829,4553.93,500,5053.93
VID0224,2963443,93086,7408.61,500,7908.61
VID0225,1480226,110711,3700.57,500,4200.57
VID0226,2662507,139994,6656.27,500,7156.27
VID0227,3151901,59137,7879.75,500,8379.75
VID0228,2577036,189155,6442.59,500,6942.59
VID0229,1688059,145143,4220.15,500,4720.15
VID0230,4809477,314970,12023.69,500,12523.69
VID0231,3737794,312354,9344.49,500,9844.49
VID0232,148881,5506,372.2,0,372.2
VID0233,617192,20082,1542.98,200,1742.98
VID0234,1505549,127424,3763.87,500,4263.87
VID0235,2173240,65693,5433.1,500,5933.1
VID0236,1587301,59237,3968.25,500,4468.25
VID0237,4224396,402544,10560.99,500,11060.99
VID0238,98010,8800,245.03,0,245.03
VID0239,2073789,99441,5184.47,500,5684.47
VID0240,3878291,273622,9695.73,500,10195.73
VID0241,2005370,171064,5013.42,500,5513.42
VID0242,1766060,1383,4415.15,0,4415.15
VID0243,579454,36924,1448.63,200,1648.63
VID0244,277996,3738,694.99,0,694.99
VID0245,4667489,48086,11668.72,200,11868.72
VID0246,2184693,198751,5461.73,500,5961.73
VID0247,3323015,117321,8307.54,500,8807.54
VID0248,672312,42269,1680.78,200,1880.78
VID0249,4833703,337025,12084.26,500,12584.26
VID0250,823731,52597,2059.33,500,2559.33
VID0251,4941537,406198,12353.84,500,12853.84
VID0252,3772466,363,9431.16,0,9431.16
VID0253,3507999,27611,8770.0,200,8970.0
VID0254,1720990,27689,4302.48,200,4502.48
VID0255,3736306,12675,9340.76,100,9440.76
VID0256,877395,87199,2193.49,500,2693.49
VID0257,4497730,433987,11244.32,500,11744.32
VID0258,3002782,149388,7506.95,500,8006.95
VID0259,3223648,245582,8059.12,500,8559.12
VID0260,2087649,29670,5219.12,200,5419.12
VID0261,221395,11459,553.49,100,653.49
VID0262,3170292,23068,7925.73,200,8125.73
VID0263,1787120,65036,4467.8,500,4967.8
VID0264,1519622,147034,3799.06,500,4299.06
VID0265,431385,23787,1078.46,200,1278.46
VID0266,4694646,10035,11736.61,100,11836.61
VID0267,3268014,203159,8170.03,500,8670.03
VID0268,2700804,152769,6752.01,500,7252.01
VID0269,3826341,240051,9565.85,500,10065.85
VID0270,2164270,33374,5410.68,200,5610.68
VID0271,1435124,112799,3587.81,500,4087.81
VID0272,3008628,281252,7521.57,500,8021.57
VID0273,14332,1062,35.83,0,35.83
VID0274,1650706,82997,4126.76,500,4626.76
VID0275,4420783,148090,11051.96,500,11551.96
VID0276,3929674,298277,9824.18,500,10324.18
VID0277,2272498,67225,5681.24,500,6181.24
VID0278,4674728,277585,11686.82,500,12186.82
VID0279,1684574,120183,4211.44,500,4711.44
VID0280,3027933,270844,7569.83,500,8069.83
VID0281,2531079,37503,6327.7,200,6527.7
VID0282,2900163,166808,7250.41,500,7750.41
VID0283,2831108,112608,7077.77,500,7577.77
VID0284,3821560,329090,9553.9,500,10053.9
VID0285,1397668,8174,3494.17,0,3494.17
VID0286,1722698,10596,4306.74,100,4406.74
VID0287,1356036,76155,3390.09,500,3890.09
VID0288,1812561,3471,4531.4,0,4531.4
VID0289,1813971,19145,4534.93,100,4634.93
VID0290,357662,27426,894.15,200,1094.15
VID0291,1507156,91463,3767.89,500,4267.89
VID0292,4951079,415496,12377.7,500,12877.7
VID0293,2919342,195985,7298.36,500,7798.36
VID0294,2379733,220927,5949.33,500,6449.33
VID0295,2654608,15159,6636.52,100,6736.52
VID0296,1057337,26915,2643.34,200,2843.34
VID0297,4526193,131170,11315.48,500,11815.48
VID0298,3375945,26550,8439.86,200,8639.86
VID0299,762144,6020,1905.36,0,1905.36
VID0300,2067741,153911,5169.35,500,5669.35
VID0301,4598022,297768,11495.06,500,11995.06
VID0302,195754,9879,489.38,0,489.38
VID0303,2212025,174627,5530.06,500,6030.06
VID0304,4943429,247705,12358.57,500,12858.57
VID0305,4729706,370814,11824.26,500,12324.26
VID0306,3374653,159445,8436.63,500,8936.63
VID0307,1848035,8748,4620.09,0,4620.09
VID0308,767852,63884,1919.63,500,2419.63
VID0309,1371449,27240,3428.62,200,3628.62
VID0310,1860285,108216,4650.71,500,5150.71
VID0311,1181298,84334,2953.24,500,3453.24
VID0312,2843918,2826,7109.8,0,7109.8
VID0313,3913065,339118,9782.66,500,10282.66
VID0314,2805938,56566,7014.85,500,7514.85
VID0315,2004505,104526,5011.26,500,5511.26
VID0316,4520519,215085,11301.3,500,11801.3
VID0317,397637,690,994.09,0,994.09
VID0318,1476278,35810,3690.7,200,3890.7
VID0319,4027552,148964,10068.88,500,10568.88
VID0320,2852396,144106,7130.99,500,7630.99
VID0321,3386305,120243,8465.76,500,8965.76
VID0322,1538637,71779,3846.59,500,4346.59
VID0323,1591215,156745,3978.04,500,4478.04
VID0324,3744755,26941,9361.89,200,9561.89
VID0325,2006862,30248,5017.16,200,5217.16
VID0326,4975496,382591,12438.74,500,12938.74
VID0327,1711840,18842,4279.6,100,4379.6
VID0328,3706093,53195,9265.23,500,9765.23
VID0329,2172695,216550,5431.74,500,5931.74
VID0330,3547463,222192,8868.66,500,9368.66
VID0331,93037,9177,232.59,0,232.59
VID0332,4519605,151844,11299.01,500,11799.01
VID0333,4720290,267833,11800.73,500,12300.73
VID0334,4304754,174534,10761.89,500,11261.89
VID0335,690430,20942,1726.07,200,1926.07
VID0336,1550360,21443,3875.9,200,4075.9
VID0337,3548277,251381,8870.69,500,9370.69
VID0338,3432641,313278,8581.6,500,9081.6
VID0339,1149398,45440,2873.49,200,3073.49
VID0340,4410793,193464,11026.98,500,11526.98
VID0341,3799500,204794,9498.75,500,9998.75
VID0342,1913308,1556,4783.27,0,4783.27
VID0343,1795674,23813,4489.18,200,4689.18
VID0344,3066284,225848,7665.71,500,8165.71
VID0345,1939518,9605,4848.8,0,4848.8
VID0346,325759,4869,814.4,0,814.4
VID0347,4090292,290102,10225.73,500,10725.73
VID0348,710222,70989,1775.55,500,2275.55
VID0349,4514900,83220,11287.25,500,11787.25
VID0350,3607801,227923,9019.5,500,9519.5
VID0351,2787846,277589,6969.61,500,7469.61
VID0352,2446084,175119,6115.21,500,6615.21
VID0353,398974,17749,997.43,100,1097.43
VID0354,2211584,39051,5528.96,200,5728.96
VID0355,778086,77614,1945.22,500,2445.22
VID0356,156947,12880,392.37,100,492.37
VID0357,563765,27610,1409.41,200,1609.41
VID0358,2097499,33528,5243.75,200,5443.75
VID0359,3700995,125624,9252.49,500,9752.49
VID0360,1592100,99875,3980.25,500,4480.25
VID0361,4963852,52973,12409.63,500,12909.63
VID0362,3624259,94665,9060.65,500,9560.65
VID0363,257698,6819,644.24,0,644.24
VID0364,2140403,184829,5351.01,500,5851.01
VID0365,339817,27751,849.54,200,1049.54
VID0366,1625874,58157,4064.68,500,4564.68
VID0367,1032988,13368,2582.47,100,2682.47
VID0368,2068746,42595,5171.86,200,5371.86
VID0369,1523688,118569,3809.22,500,4309.22
VID0370,2962923,20952,7407.31,200,7607.31
VID0371,3967247,163746,9918.12,500,10418.12
VID0372,4895687,100114,12239.22,500,12739.22
VID0373,3646573,125385,9116.43,500,9616.43
VID0374,3373900,277663,8434.75,500,8934.75
VID0375,3614615,35056,9036.54,200,9236.54
VID0376,2066592,76782,5166.48,500,5666.48
VID0377,3366812,297306,8417.03,500,8917.03
VID0378,4008161,313890,10020.4,500,10520.4
VID0379,2079805,139566,5199.51,500,5699.51
VID0380,4647235,315444,11618.09,500,12118.09
VID0381,318937,13114,797.34,100,897.34
VID0382,349994,9818,874.99,0,874.99
VID0383,397193,29593,992.98,200,1192.98
VID0384,4797153,325391,11992.88,500,12492.88
VID0385,3111415,14407,7778.54,100,7878.54
VID0386,2601700,19543,6504.25,100,6604.25
VID0387,2332573,213214,5831.43,500,6331.43
VID0388,2787089,250890,6967.72,500,7467.72
VID0389,3462362,288884,8655.91,500,9155.91
VID0390,3641896,122934,9104.74,500,9604.74
VID0391,1221616,20974,3054.04,200,3254.04
VID0392,1031847,40685,2579.62,200,2779.62
VID0393,3211490,263514,8028.72,500,8528.72
VID0394,1847523,160963,4618.81,500,5118.81
VID0395,4554534,87288,11386.33,500,11886.33
VID0396,3796002,259872,9490.0,500,9990.0
VID0397,1943790,178420,4859.48,500,5359.48
VID0398,114518,9034,286.3,0,286.3
VID0399,2891196,43091,7227.99,200,7427.99
VID0400,2338006,101002,5845.01,500,6345.01
VID0401,2511118,229514,6277.8,500,6777.8
VID0402,3566726,177680,8916.82,500,9416.82
VID0403,1945515,172404,4863.79,500,5363.79
VID0404,4180264,232276,10450.66,500,10950.66
VID0405,1208413,16217,3021.03,100,3121.03
VID0406,3060578,240556,7651.44,500,8151.44
VID0407,4082980,308276,10207.45,500,10707.45
VID0408,4183398,257910,10458.5,500,10958.5
VID0409,3145521,240305,7863.8,500,8363.8
VID0410,3490979,39161,8727.45,200,8927.45
VID0411,1673476,12976,4183.69,100,4283.69
VID0412,1538233,15519,3845.58,100,3945.58
VID0413,4339179,349216,10847.95,500,11347.95
VID0414,3732409,361727,9331.02,500,9831.02
VID0415,864162,18445,2160.41,100,2260.41
VID0416,4027687,2904,10069.22,0,10069.22
VID0417,1756026,36283,4390.07,200,4590.07
VID0418,4333249,87655,10833.12,500,11333.12
VID0419,4086075,63185,10215.19,500,10715.19
VID0420,4430581,278130,11076.45,500,11576.45
VID0421,304533,23505,761.33,200,961.33
VID0422,2006005,134265,5015.01,500,5515.01
VID0423,2361278,14828,5903.19,100,6003.19
VID0424,3949978,215345,9874.94,500,10374.94
VID0425,4186047,84581,10465.12,500,10965.12
VID0426,3160005,54202,7900.01,500,8400.01
VID0427,1573077,116683,3932.69,500,4432.69
VID0428,79934,2193,199.83,0,199.83
VID0429,2692830,66508,6732.07,500,7232.07
VID0430,4601478,307339,11503.69,500,12003.69
VID0431,3955540,206821,9888.85,500,10388.85
VID0432,1250523,10120,3126.31,100,3226.31
VID0433,1765943,126419,4414.86,500,4914.86
VID0434,4978593,339746,12446.48,500,12946.48
VID0435,1829099,177392,4572.75,500,5072.75
VID0436,1925877,143705,4814.69,500,5314.69
VID0437,2804990,205392,7012.47,500,7512.47
VID0438,2356415,94688,5891.04,500,6391.04
VID0439,4255033,50365,10637.58,500,11137.58
VID0440,1737246,133845,4343.11,500,4843.11
VID0441,2773646,189307,6934.12,500,7434.12
VID0442,144865,944,362.16,0,362.16
VID0443,2955218,204846,7388.05,500,7888.05
VID0444,4813493,38722,12033.73,200,12233.73
VID0445,996581,95789,2491.45,500,2991.45
VID0446,1616254,97644,4040.63,500,4540.64
VID0447,3313597,184324,8283.99,500,8783.99
VID0448,3816112,108595,9540.28,500,10040.28
VID0449,2901541,235251,7253.85,500,7753.85
VID0450,3329319,103993,8323.3,500,8823.3
VID0451,259238,2033,648.1,0,648.1
VID0452,2275956,208683,5689.89,500,6189.89
VID0453,3969648,193006,9924.12,500,10424.12
VID0454,872100,20453,2180.25,200,2380.25
VID0455,3222507,46220,8056.27,200,8256.27
VID0456,618784,29848,1546.96,200,1746.96
VID0457,840720,13407,2101.8,100,2201.8
VID0458,490010,5406,1225.03,0,1225.03
VID0459,178174,8010,445.44,0,445.44
VID0460,4712040,46602,11780.1,200,11980.1
VID0461,2578051,86466,6445.13,500,6945.13
VID0462,3738088,22896,9345.22,200,9545.22
VID0463,4029452,236902,10073.63,500,10573.63
VID0464,1797055,72177,4492.64,500,4992.64
VID0465,2202,85,5.5,0,5.5
VID0466,4255504,391203,10638.76,500,11138.76
VID0467,4047675,151811,10119.19,500,10619.19
VID0468,1956996,104546,4892.49,500,5392.49
VID0469,3258880,264223,8147.2,500,8647.2
VID0470,3328274,234645,8320.68,500,8820.68
VID0471,4683038,92502,11707.59,500,12207.59
VID0472,1607324,79001,4018.31,500,4518.31
VID0473,4994043,126373,12485.11,500,12985.11
VID0474,4509340,11592,11273.35,100,11373.35
VID0475,953932,89185,2384.83,500,2884.83
VID0476,629020,57261,1572.55,500,2072.55
VID0477,1562993,65035,3907.48,500,4407.48
VID0478,3354888,174330,8387.22,500,8887.22
VID0479,2584971,187951,6462.43,500,6962.43
VID0480,4174089,153092,10435.22,500,10935.22
VID0481,4467218,91153,11168.05,500,11668.05
VID0482,2500212,64851,6250.53,500,6750.53
VID0483,3700738,300991,9251.84,500,9751.84
VID0484,4132599,99643,10331.5,500,10831.5
VID0485,294329,6598,735.82,0,735.82
VID0486,845604,69516,2114.01,500,2614.01
VID0487,2485334,200338,6213.33,500,6713.33
VID0488,2361844,98364,5904.61,500,6404.61
VID0489,4076479,2186,10191.2,0,10191.2
VID0490,2735896,119023,6839.74,500,7339.74
VID0491,3904212,93619,9760.53,500,10260.53
VID0492,3182660,226855,7956.65,500,8456.65
VID0493,4737169,454926,11842.92,500,12342.92
VID0494,1118249,46595,2795.62,200,2995.62
VID0495,1857128,69741,4642.82,500,5142.82
VID0496,1867712,94075,4669.28,500,5169.28
VID0497,299511,12860,748.78,100,848.78
VID0498,2911521,256806,7278.8,500,7778.8
VID0499,3511544,302398,8778.86,500,9278.86
VID0500,1399345,102805,3498.36,500,3998.36
VID0501,966769,63446,2416.92,500,2916.92
VID0502,1861294,120647,4653.24,500,5153.24
VID0503,4760461,462789,11901.15,500,12401.15
VID0504,2882864,280667,7207.16,500,7707.16
VID0505,4179032,361340,10447.58,500,10947.58
VID0506,3879433,172530,9698.58,500,10198.58
VID0507,1748100,125450,4370.25,500,4870.25
VID0508,1165708,106188,2914.27,500,3414.27
VID0509,2540301,174333,6350.75,500,6850.75
VID0510,3403579,32532,8508.95,200,8708.95
VID0511,4391855,1033,10979.64,0,10979.64
VID0512,4040310,188687,10100.77,500,10600.77
VID0513,1989158,159001,4972.89,500,5472.89
VID0514,3176899,147682,7942.25,500,8442.25
VID0515,3541016,64274,8852.54,500,9352.54
VID0516,1141256,34766,2853.14,200,3053.14
VID0517,312790,31046,781.98,200,981.98
VID0518,4935158,185380,12337.9,500,12837.9
VID0519,1926735,22698,4816.84,200,5016.84
VID0520,4829755,66393,12074.39,500,12574.39
VID0521,130167,10527,325.42,100,425.42
VID0522,4099726,340141,10249.31,500,10749.31
VID0523,2025774,125538,5064.43,500,5564.43
VID0524,2143410,157682,5358.52,500,5858.52
VID0525,2270786,29644,5676.97,200,5876.97
VID0526,2042227,165750,5105.57,500,5605.57
VID0527,4678381,75924,11695.95,500,12195.95
VID0528,3189364,222519,7973.41,500,8473.41
VID0529,2625554,28177,6563.89,200,6763.89
VID0530,3085417,53601,7713.54,500,8213.54
VID0531,4300062,29809,10750.15,200,10950.15
VID0532,4710111,464523,11775.28,500,12275.28
VID0533,4442391,249082,11105.98,500,11605.98
VID0534,1087943,42271,2719.86,200,2919.86
VID0535,3875190,211078,9687.98,500,10187.98
VID0536,4675003,289341,11687.51,500,12187.51
VID0537,2575129,93805,6437.82,500,6937.82
VID0538,2663452,176160,6658.63,500,7158.63
VID0539,2050574,104024,5126.44,500,5626.44
VID0540,1736177,33432,4340.44,200,4540.44
VID0541,271994,10823,679.99,100,779.99
VID0542,4880574,11945,12201.43,100,12301.43
VID0543,2380514,74113,5951.28,500,6451.28
VID0544,4561090,165495,11402.73,500,11902.73
VID0545,1866236,181154,4665.59,500,5165.59
VID0546,2452194,135298,6130.48,500,6630.48
VID0547,1684896,19462,4212.24,100,4312.24
VID0548,2219984,131650,5549.96,500,6049.96
VID0549,4297865,328692,10744.66,500,11244.66
VID0550,1648141,140102,4120.35,500,4620.35
VID0551,702102,9925,1755.25,0,1755.25
VID0552,3751184,78743,9377.96,500,9877.96
VID0553,1230472,111418,3076.18,500,3576.18
VID0554,1894471,160559,4736.18,500,5236.18
VID0555,4233963,323531,10584.91,500,11084.91
VID0556,598234,32281,1495.59,200,1695.59
VID0557,3795543,26386,9488.86,200,9688.86
VID0558,3336792,52708,8341.98,500,8841.98
VID0559,3471754,14537,8679.39,100,8779.39
VID0560,2406023,57598,6015.06,500,6515.06
VID0561,408828,18337,1022.07,100,1122.07
VID0562,1533423,43220,3833.56,200,4033.56
VID0563,3059756,262595,7649.39,500,8149.39
VID0564,1020365,30094,2550.91,200,2750.91
VID0565,1315614,104938,3289.03,500,3789.03
VID0566,4997543,54145,12493.86,500,12993.86
VID0567,3080667,234514,7701.67,500,8201.67
VID0568,3995090,322776,9987.73,500,10487.73
VID0569,2980238,233328,7450.59,500,7950.59
VID0570,4413716,144413,11034.29,500,11534.29
VID0571,802485,51974,2006.21,500,2506.21
VID0572,4337221,221935,10843.05,500,11343.05
VID0573,965115,84265,2412.79,500,2912.79
VID0574,2959496,292519,7398.74,500,7898.74
VID0575,1484688,23058,3711.72,200,3911.72
VID0576,3921265,67306,9803.16,500,10303.16
VID0577,2064759,150188,5161.9,500,5661.9
VID0578,2852005,95551,7130.01,500,7630.01
VID0579,333965,214,834.91,0,834.91
VID0580,3594375,252478,8985.94,500,9485.94
VID0581,1281904,92299,3204.76,500,3704.76
VID0582,1495133,13750,3737.83,100,3837.83
VID0583,2600616,27942,6501.54,200,6701.54
VID0584,4401887,387693,11004.72,500,11504.72
VID0585,459336,5858,1148.34,0,1148.34
VID0586,2635319,180527,6588.3,500,7088.3
VID0587,3243152,161861,8107.88,500,8607.88
VID0588,3165613,86658,7914.03,500,8414.03
VID0589,1919962,167270,4799.9,500,5299.9
VID0590,2437458,203997,6093.65,500,6593.65
VID0591,1708740,150155,4271.85,500,4771.85
VID0592,3303920,207280,8259.8,500,8759.8
VID0593,2562863,30751,6407.16,200,6607.16
VID0594,1677962,17404,4194.9,100,4294.9
VID0595,1997567,82740,4993.92,500,5493.92
VID0596,4727847,242926,11819.62,500,12319.62
VID0597,4420302,211152,11050.75,500,11550.75
VID0598,4384176,231918,10960.44,500,11460.44
VID0599,4724271,418600,11810.68,500,12310.68
VID0600,1886953,2008,4717.38,0,4717.38
VID0601,3358514,164437,8396.28,500,8896.28
VID0602,923199,58704,2308.0,500,2808.0
VID0603,486484,26443,1216.21,200,1416.21
VID0604,675796,20594,1689.49,200,1889.49
VID0605,376265,18539,940.66,100,1040.66
VID0606,4211413,376043,10528.53,500,11028.53
VID0607,1179095,116463,2947.74,500,3447.74
VID0608,3791374,53171,9478.43,500,9978.43
VID0609,2429203,15595,6073.01,100,6173.01
VID0610,1917183,79962,4792.96,500,5292.96
VID0611,124921,10019,312.3,100,412.3
VID0612,1232802,23104,3082.0,200,3282.0
VID0613,1830143,16505,4575.36,100,4675.36
VID0614,3899334,26347,9748.33,200,9948.33
VID0615,805271,31241,2013.18,200,2213.18
VID0616,416117,17977,1040.29,100,1140.29
VID0617,2223656,65713,5559.14,500,6059.14
VID0618,3550552,125334,8876.38,500,9376.38
VID0619,1131950,49039,2829.88,200,3029.88
VID0620,2600732,164421,6501.83,500,7001.83
VID0621,682111,58637,1705.28,500,2205.28
VID0622,2984441,190071,7461.1,500,7961.1
VID0623,1501286,31558,3753.22,200,3953.22
VID0624,2904066,55101,7260.16,500,7760.16
VID0625,3282058,135751,8205.15,500,8705.15
VID0626,3657988,231122,9144.97,500,9644.97
VID0627,2522108,33085,6305.27,200,6505.27
VID0628,827186,75112,2067.97,500,2567.97
VID0629,292578,16369,731.44,100,831.44
VID0630,1545464,106404,3863.66,500,4363.66
VID0631,675996,44528,1689.99,200,1889.99
VID0632,1539111,54933,3847.78,500,4347.78
VID0633,570794,30748,1426.98,200,1626.98
VID0634,295773,3734,739.43,0,739.43
VID0635,4669020,217169,11672.55,500,12172.55
VID0636,890309,65728,2225.77,500,2725.77
VID0637,2185997,85315,5464.99,500,5964.99
VID0638,945710,93968,2364.28,500,2864.28
VID0639,310130,25153,775.33,200,975.33
VID0640,2294548,211326,5736.37,500,6236.37
VID0641,2940937,199718,7352.34,500,7852.34
VID0642,855206,72410,2138.01,500,2638.01
VID0643,3804033,337343,9510.08,500,10010.08
VID0644,1725745,114823,4314.36,500,4814.36
VID0645,1828592,169545,4571.48,500,5071.48
VID0646,4828023,5712,12070.06,0,12070.06
VID0647,4458405,72570,11146.01,500,11646.01
VID0648,1950445,15615,4876.11,100,4976.11
VID0649,3587937,1150,8969.84,0,8969.84
VID0650,3079058,47474,7697.65,200,7897.65
VID0651,4943717,133519,12359.29,500,12859.29
VID0652,809581,34353,2023.95,200,2223.95
VID0653,4829040,343172,12072.6,500,12572.6
VID0654,1527816,31039,3819.54,200,4019.54
VID0655,4784338,205432,11960.84,500,12460.84
VID0656,4553082,33677,11382.71,200,11582.71
VID0657,1953502,183071,4883.76,500,5383.76
VID0658,1486626,122811,3716.57,500,4216.57
VID0659,1340008,3673,3350.02,0,3350.02
VID0660,164380,10830,410.95,100,510.95
VID0661,4623218,420480,11558.05,500,12058.05
VID0662,4911764,57929,12279.41,500,12779.41
VID0663,1710738,39557,4276.85,200,4476.85
VID0664,3271293,86251,8178.23,500,8678.23
VID0665,1036832,74321,2592.08,500,3092.08
VID0666,1454337,121269,3635.84,500,4135.84
VID0667,4993843,83932,12484.61,500,12984.61
VID0668,1651531,38535,4128.83,200,4328.83
VID0669,3589783,73119,8974.46,500,9474.46
VID0670,4924976,230069,12312.44,500,12812.44
VID0671,2575135,67763,6437.84,500,6937.84
VID0672,4276689,5940,10691.72,0,10691.72
VID0673,397776,16716,994.44,100,1094.44
VID0674,2497082,63740,6242.7,500,6742.7
VID0675,4769867,167123,11924.67,500,12424.67
VID0676,4139710,60788,10349.27,500,10849.27
VID0677,3009718,92066,7524.3,500,8024.3
VID0678,1812771,141760,4531.93,500,5031.93
VID0679,4228970,101435,10572.43,500,11072.43
VID0680,782536,49207,1956.34,200,2156.34
VID0681,2676578,218961,6691.44,500,7191.44
VID0682,1734730,56678,4336.82,500,4836.82
VID0683,3677196,306143,9192.99,500,9692.99
VID0684,2945006,122298,7362.51,500,7862.51
VID0685,687550,42386,1718.88,200,1918.88
VID0686,589001,52174,1472.5,500,1972.5
VID0687,3744176,232069,9360.44,500,9860.44
VID0688,1408195,108615,3520.49,500,4020.49
VID0689,3094009,239930,7735.02,500,8235.02
VID0690,1040328,10596,2600.82,100,2700.82
VID0691,2201541,153403,5503.85,500,6003.85
VID0692,1960904,105458,4902.26,500,5402.26
VID0693,853532,51040,2133.83,500,2633.83
VID0694,3861613,15357,9654.03,100,9754.03
VID0695,4919208,354566,12298.02,500,12798.02
VID0696,2820120,178616,7050.3,500,7550.3
VID0697,1387311,89023,3468.28,500,3968.28
VID0698,375233,31187,938.08,200,1138.08
VID0699,3381276,110248,8453.19,500,8953.19
VID0700,1181469,74559,2953.67,500,3453.67
VID0701,4651052,26338,11627.63,200,11827.63
VID0702,2158562,205846,5396.4,500,5896.4
VID0703,1433214,54556,3583.03,500,4083.03
VID0704,1431048,46994,3577.62,200,3777.62
VID0705,3949960,366842,9874.9,500,10374.9
VID0706,2653747,259585,6634.37,500,7134.37
VID0707,1987194,152406,4967.98,500,5467.98
VID0708,3171491,114654,7928.73,500,8428.73
VID0709,742108,57191,1855.27,500,2355.27
VID0710,1838151,76798,4595.38,500,5095.38
VID0711,942290,84670,2355.72,500,2855.72
VID0712,1361691,76203,3404.23,500,3904.23
VID0713,3875370,144143,9688.42,500,10188.42
VID0714,3982931,149055,9957.33,500,10457.33
VID0715,2646854,119173,6617.13,500,7117.13
VID0716,4767660,46375,11919.15,200,12119.15
VID0717,4081745,73053,10204.36,500,10704.36
VID0718,3571533,116735,8928.83,500,9428.83
VID0719,1294658,73090,3236.64,500,3736.64
VID0720,2140117,13883,5350.29,100,5450.29
VID0721,1095231,102904,2738.08,500,3238.08
VID0722,2770873,197068,6927.18,500,7427.18
VID0723,1240993,79749,3102.48,500,3602.48
VID0724,3790580,109707,9476.45,500,9976.45
VID0725,669652,679,1674.13,0,1674.13
VID0726,3471210,263529,8678.02,500,9178.02
VID0727,2428907,48586,6072.27,200,6272.27
VID0728,3357361,46481,8393.4,200,8593.4
VID0729,1770665,105930,4426.66,500,4926.66
VID0730,3916404,143616,9791.01,500,10291.01
VID0731,1306750,5063,3266.88,0,3266.88
VID0732,1497510,26868,3743.78,200,3943.78
VID0733,53050,1972,132.62,0,132.62
VID0734,976548,27793,2441.37,200,2641.37
VID0735,1897673,92512,4744.18,500,5244.18
VID0736,4777895,267892,11944.74,500,12444.74
VID0737,4880281,125244,12200.7,500,12700.7
VID0738,3291455,40600,8228.64,200,8428.64
VID0739,3540391,56909,8850.98,500,9350.98
VID0740,2873174,101464,7182.93,500,7682.93
VID0741,2379392,156805,5948.48,500,6448.48
VID0742,3974040,391802,9935.1,500,10435.1
VID0743,1877493,103254,4693.73,500,5193.73
VID0744,4523678,223512,11309.19,500,11809.19
VID0745,3146947,224812,7867.37,500,8367.37
VID0746,4046495,211980,10116.24,500,10616.24
VID0747,121739,8887,304.35,0,304.35
VID0748,465285,8259,1163.21,0,1163.21
VID0749,4698362,436216,11745.91,500,12245.91
VID0750,3443249,203860,8608.12,500,9108.12
VID0751,2584864,75768,6462.16,500,6962.16
VID0752,491250,9814,1228.12,0,1228.12
VID0753,812043,12066,2030.11,100,2130.11
VID0754,4984211,205403,12460.53,500,12960.53
VID0755,816535,48948,2041.34,200,2241.34
VID0756,3679934,271974,9199.84,500,9699.84
VID0757,270719,5638,676.8,0,676.8
VID0758,2263584,131044,5658.96,500,6158.96
VID0759,1975666,40161,4939.16,200,5139.16
VID0760,3769250,215818,9423.12,500,9923.12
VID0761,2385589,45928,5963.97,200,6163.97
VID0762,4122163,261729,10305.41,500,10805.41
VID0763,4446459,393219,11116.15,500,11616.15
VID0764,3306310,320110,8265.77,500,8765.77
VID0765,231320,14421,578.3,100,678.3
VID0766,4061435,244839,10153.59,500,10653.59
VID0767,2355921,176789,5889.8,500,6389.8
VID0768,1827167,177338,4567.92,500,5067.92
VID0769,476037,14136,1190.09,100,1290.09
VID0770,1093684,103830,2734.21,500,3234.21
VID0771,3091899,168485,7729.75,500,8229.75
VID0772,376440,20273,941.1,200,1141.1
VID0773,3748747,337373,9371.87,500,9871.87
VID0774,4773276,448004,11933.19,500,12433.19
VID0775,1667777,105499,4169.44,500,4669.44
VID0776,3153386,64948,7883.47,500,8383.47
VID0777,42532,495,106.33,0,106.33
VID0778,3740365,216744,9350.91,500,9850.91
VID0779,2999216,156858,7498.04,500,7998.04
VID0780,2986961,124291,7467.4,500,7967.4
VID0781,852057,71360,2130.14,500,2630.14
VID0782,2771024,219070,6927.56,500,7427.56
VID0783,1472447,1008,3681.12,0,3681.12
VID0784,2695229,104222,6738.07,500,7238.07
VID0785,3006021,74210,7515.05,500,8015.05
VID0786,4798413,267911,11996.03,500,12496.03
VID0787,3457802,48251,8644.51,200,8844.51
VID0788,688421,28260,1721.05,200,1921.05
VID0789,2761978,274030,6904.94,500,7404.94
VID0790,2582201,220327,6455.5,500,6955.5
VID0791,2242576,204784,5606.44,500,6106.44
VID0792,3849044,357340,9622.61,500,10122.61
VID0793,2461323,47001,6153.31,200,6353.31
VID0794,1423452,28949,3558.63,200,3758.63
VID0795,4618843,399048,11547.11,500,12047.11
VID0796,893007,74285,2232.52,500,2732.52
VID0797,2922303,270547,7305.76,500,7805.76
VID0798,126856,11859,317.14,100,417.14
VID0799,4788157,160146,11970.39,500,12470.39
VID0800,3993955,37877,9984.89,200,10184.89
VID0801,1016922,50361,2542.31,500,3042.31
VID0802,4133343,105676,10333.36,500,10833.36
VID0803,855841,34223,2139.6,200,2339.6
VID0804,2743024,199761,6857.56,500,7357.56
VID0805,887645,87302,2219.11,500,2719.11
VID0806,3712178,343287,9280.44,500,9780.44
VID0807,511340,47482,1278.35,200,1478.35
VID0808,3042988,241168,7607.47,500,8107.47
VID0809,2502961,179544,6257.4,500,6757.4
VID0810,4516681,173188,11291.7,500,11791.7
VID0811,1714799,155289,4287.0,500,4787.0
VID0812,4823486,72352,12058.72,500,12558.72
VID0813,465693,129,1164.23,0,1164.23
VID0814,1169785,94806,2924.46,500,3424.46
VID0815,4560522,67812,11401.31,500,11901.31
VID0816,3825295,48739,9563.24,200,9763.24
VID0817,3855948,211661,9639.87,500,10139.87
VID0818,969792,85343,2424.48,500,2924.48
VID0819,4596506,50968,11491.27,500,11991.27
VID0820,2461190,223091,6152.98,500,6652.98
VID0821,3182891,147730,7957.23,500,8457.23
VID0822,1274498,36907,3186.24,200,3386.24
VID0823,2720839,187699,6802.1,500,7302.1
VID0824,4292699,259310,10731.75,500,11231.75
VID0825,2345830,222145,5864.57,500,6364.57
VID0826,1162966,66219,2907.41,500,3407.41
VID0827,2050734,57660,5126.84,500,5626.84
VID0828,372257,689,930.64,0,930.64
VID0829,2474328,142912,6185.82,500,6685.82
VID0830,3272081,67343,8180.2,500,8680.2
VID0831,1953464,152499,4883.66,500,5383.66
VID0832,4549766,436760,11374.41,500,11874.41
VID0833,3004597,228866,7511.49,500,8011.49
VID0834,2115160,144157,5287.9,500,5787.9
VID0835,585159,53396,1462.9,500,1962.9
VID0836,3844336,243765,9610.84,500,10110.84
VID0837,4503194,91450,11257.99,500,11757.99
VID0838,3159908,214806,7899.77,500,8399.77
VID0839,4334989,19156,10837.47,100,10937.47
VID0840,4717458,215270,11793.64,500,12293.64
VID0841,4708893,434447,11772.23,500,12272.23
VID0842,1009394,48659,2523.49,200,2723.49
VID0843,4272138,245925,10680.34,500,11180.34
VID0844,3203002,96295,8007.51,500,8507.51
VID0845,3690076,216722,9225.19,500,9725.19
VID0846,1626840,77764,4067.1,500,4567.1
VID0847,739349,24199,1848.37,200,2048.37
VID0848,446539,15612,1116.35,100,1216.35
VID0849,2735748,103666,6839.37,500,7339.37
VID0850,2668008,172410,6670.02,500,7170.02
VID0851,2222271,22108,5555.68,200,5755.68
VID0852,894426,38970,2236.07,200,2436.07
VID0853,3243573,13963,8108.93,100,8208.93
VID0854,2931694,164047,7329.23,500,7829.23
VID0855,1377848,130395,3444.62,500,3944.62
VID0856,4352109,37785,10880.27,200,11080.27
VID0857,4071408,310008,10178.52,500,10678.52
VID0858,3946053,87327,9865.13,500,10365.13
VID0859,2573582,44574,6433.95,200,6633.95
VID0860,1617238,161169,4043.1,500,4543.1
VID0861,3692084,280510,9230.21,500,9730.21
VID0862,318071,8807,795.18,0,795.18
VID0863,1041098,12694,2602.74,100,2702.74
VID0864,754501,30623,1886.25,200,2086.25
VID0865,693187,28488,1732.97,200,1932.97
VID0866,2220102,46042,5550.25,200,5750.25
VID0867,4988447,293750,12471.12,500,12971.12
VID0868,4433281,117013,11083.2,500,11583.2
VID0869,1025554,5338,2563.89,0,2563.89
VID0870,4508606,422610,11271.51,500,11771.51
VID0871,211927,19729,529.82,100,629.82
VID0872,3637723,221863,9094.31,500,9594.31
VID0873,4886828,343505,12217.07,500,12717.07
VID0874,4792745,283639,11981.86,500,12481.86
VID0875,1857842,54294,4644.61,500,5144.61
VID0876,3506009,321116,8765.02,500,9265.02
VID0877,4758571,280865,11896.43,500,12396.43
VID0878,4620635,72565,11551.59,500,12051.59
VID0879,2700888,115351,6752.22,500,7252.22
VID0880,4493478,155363,11233.69,500,11733.69
VID0881,274805,8174,687.01,0,687.01
VID0882,1672812,27939,4182.03,200,4382.03
VID0883,578720,2459,1446.8,0,1446.8
VID0884,194636,2452,486.59,0,486.59
VID0885,1449660,98649,3624.15,500,4124.15
VID0886,4558188,352826,11395.47,500,11895.47
VID0887,2829686,216731,7074.22,500,7574.22
VID0888,1632698,81410,4081.75,500,4581.75
VID0889,916345,64718,2290.86,500,2790.86
VID0890,3245731,273653,8114.33,500,8614.33
VID0891,725421,49121,1813.55,200,2013.55
VID0892,4027823,112419,10069.56,500,10569.56
VID0893,4345534,50722,10863.83,500,11363.83
VID0894,4171140,334887,10427.85,500,10927.85
VID0895,3799077,12203,9497.69,100,9597.69
VID0896,3367513,76752,8418.78,500,8918.78
VID0897,3166549,174890,7916.37,500,8416.37
VID0898,2024297,136084,5060.74,500,5560.74
VID0899,2133815,52864,5334.54,500,5834.54
VID0900,3557289,43940,8893.22,200,9093.22
VID0901,4995141,361219,12487.85,500,12987.85
VID0902,1472343,30424,3680.86,200,3880.86
VID0903,1039560,101092,2598.9,500,3098.9
VID0904,626728,36517,1566.82,200,1766.82
VID0905,2985819,48823,7464.55,200,7664.55
VID0906,3285297,171111,8213.24,500,8713.24
VID0907,2132997,174074,5332.49,500,5832.49
VID0908,2329472,140392,5823.68,500,6323.68
VID0909,694983,37635,1737.46,200,1937.46
VID0910,4690349,204891,11725.87,500,12225.87
VID0911,2099664,50948,5249.16,500,5749.16
VID0912,3011666,178720,7529.17,500,8029.17
VID0913,721280,1408,1803.2,0,1803.2
VID0914,1563721,123403,3909.3,500,4409.3
VID0915,2848993,64610,7122.48,500,7622.48
VID0916,3142360,262245,7855.9,500,8355.9
VID0917,1640880,30639,4102.2,200,4302.2
VID0918,2429009,163258,6072.52,500,6572.52
VID0919,2991267,195171,7478.17,500,7978.17
VID0920,1047849,47677,2619.62,200,2819.62
VID0921,137590,12171,343.98,100,443.98
VID0922,1395088,30402,3487.72,200,3687.72
VID0923,1749123,165235,4372.81,500,4872.81
VID0924,4143866,376558,10359.67,500,10859.67
VID0925,3136584,44471,7841.46,200,8041.46
VID0926,3093546,258309,7733.86,500,8233.86
VID0927,4219689,229643,10549.22,500,11049.22
VID0928,2747371,45651,6868.43,200,7068.43
VID0929,1960878,17352,4902.19,100,5002.19
VID0930,4147908,14621,10369.77,100,10469.77
VID0931,2819967,155648,7049.92,500,7549.92
VID0932,1217385,110780,3043.46,500,3543.46
VID0933,3638285,127104,9095.71,500,9595.71
VID0934,1782264,168520,4455.66,500,4955.66
VID0935,1007750,7260,2519.38,0,2519.38
VID0936,542553,3297,1356.38,0,1356.38
VID0937,3714360,294079,9285.9,500,9785.9
VID0938,3618005,276057,9045.01,500,9545.01
VID0939,4695561,307684,11738.9,500,12238.9
VID0940,691791,7503,1729.48,0,1729.48
VID0941,2208683,158443,5521.71,500,6021.71
VID0942,1174705,62206,2936.76,500,3436.76
VID0943,72205,2256,180.51,0,180.51
VID0944,2915367,171174,7288.42,500,7788.42
VID0945,4775012,217746,11937.53,500,12437.53
VID0946,4384084,313227,10960.21,500,11460.21
VID0947,1870383,167923,4675.96,500,5175.96
VID0948,3527981,41368,8819.95,200,9019.95
VID0949,3220601,9048,8051.5,0,8051.5
VID0950,2574754,254433,6436.89,500,6936.89
VID0951,874917,3685,2187.29,0,2187.29
VID0952,3391773,275742,8479.43,500,8979.43
VID0953,3488602,90428,8721.5,500,9221.5
VID0954,3495329,239613,8738.32,500,9238.32
VID0955,4584222,236142,11460.56,500,11960.56
VID0956,4623149,409263,11557.87,500,12057.87
VID0957,2358541,199517,5896.35,500,6396.35
VID0958,4259357,144909,10648.39,500,11148.39
VID0959,2947635,119578,7369.09,500,7869.09
VID0960,3992675,395260,9981.69,500,10481.69
VID0961,3342943,78405,8357.36,500,8857.36
VID0962,1387738,113435,3469.35,500,3969.35
VID0963,749701,37486,1874.25,200,2074.25
VID0964,3636731,298549,9091.83,500,9591.83
VID0965,2840489,72743,7101.22,500,7601.22
VID0966,2430929,115430,6077.32,500,6577.32
VID0967,4155817,359067,10389.54,500,10889.54
VID0968,1962156,58786,4905.39,500,5405.39
VID0969,3945670,385860,9864.17,500,10364.17
VID0970,4856079,145902,12140.2,500,12640.2
VID0971,1315555,5767,3288.89,0,3288.89
VID0972,2091516,71058,5228.79,500,5728.79
VID0973,4702263,275080,11755.66,500,12255.66
VID0974,3656398,46410,9141.0,200,9341.0
VID0975,277384,2772,693.46,0,693.46
VID0976,4734291,434494,11835.73,500,12335.73
VID0977,517322,42460,1293.31,200,1493.31
VID0978,3965890,248746,9914.73,500,10414.73
VID0979,4957276,484272,12393.19,500,12893.19
VID0980,357494,33497,893.74,200,1093.74
VID0981,291442,28116,728.61,200,928.61
VID0982,3369058,205177,8422.65,500,8922.65
VID0983,1000143,64943,2500.36,500,3000.36
VID0984,1310697,68416,3276.74,500,3776.74
VID0985,982104,33976,2455.26,200,2655.26
VID0986,3281800,70568,8204.5,500,8704.5
VID0987,2653921,186598,6634.8,500,7134.8
VID0988,1542462,47911,3856.15,200,4056.15
VID0989,716152,35321,1790.38,200,1990.38
VID0990,2412985,22429,6032.46,200,6232.46
VID0991,1154640,31557,2886.6,200,3086.6
VID0992,3830461,81655,9576.15,500,10076.15
VID0993,3509289,118395,8773.22,500,9273.22
VID0994,2009166,141620,5022.91,500,5522.91
VID0995,1973275,144365,4933.19,500,5433.19
VID0996,4133540,224015,10333.85,500,10833.85
VID0997,2821033,58624,7052.58,500,7552.58
VID0998,889777,61372,2224.44,500,2724.44
VID0999,1807337,88630,4518.34,500,5018.34
VID1000,2622186,38775,6555.47,200,6755.47
VID1001,90975,1234,227.44,0,227.44
VID1002,1798957,147389,4497.39,500,4997.39
VID1003,4853949,27065,12134.87,200,12334.87
VID1004,784664,53833,1961.66,500,2461.66
VID1005,697745,23596,1744.36,200,1944.36
VID1006,1911260,82770,4778.15,500,5278.15
VID1007,4297023,324943,10742.56,500,11242.56
VID1008,1860482,22386,4651.2,200,4851.2
VID1009,3501804,11959,8754.51,100,8854.51
VID1010,3507419,231399,8768.55,500,9268.55
VID1011,3197795,290472,7994.49,500,8494.49
VID1012,582249,56329,1455.62,500,1955.62
VID1013,1022614,71202,2556.53,500,3056.53
VID1014,3730824,369503,9327.06,500,9827.06
VID1015,2368279,165045,5920.7,500,6420.7
VID1016,4339346,417906,10848.36,500,11348.36
VID1017,585945,44114,1464.86,200,1664.86
VID1018,1655118,40916,4137.8,200,4337.8
VID1019,2043419,130702,5108.55,500,5608.55
VID1020,1379500,7900,3448.75,0,3448.75
VID1021,1731590,127186,4328.97,500,4828.97
VID1022,4291852,247253,10729.63,500,11229.63
VID1023,1690576,55083,4226.44,500,4726.44
VID1024,1785337,62451,4463.34,500,4963.34
VID1025,4126343,130327,10315.86,500,10815.86
VID1026,4942261,300010,12355.65,500,12855.65
VID1027,2494038,28232,6235.1,200,6435.1
VID1028,3988270,199646,9970.67,500,10470.67
VID1029,2838797,97197,7096.99,500,7596.99
VID1030,4019878,125691,10049.69,500,10549.69
VID1031,73147,4859,182.87,0,182.87
VID1032,1281997,10070,3204.99,100,3304.99
VID1033,4620495,46916,11551.24,200,11751.24
VID1034,4216323,187499,10540.81,500,11040.81
VID1035,3305098,112250,8262.74,500,8762.74
VID1036,1113943,18927,2784.86,100,2884.86
VID1037,1323946,43254,3309.86,200,3509.86
VID1038,2985525,36446,7463.81,200,7663.81
VID1039,3751894,178040,9379.73,500,9879.73
VID1040,2608144,159522,6520.36,500,7020.36
VID1041,1874281,88992,4685.7,500,5185.7
VID1042,4177176,386855,10442.94,500,10942.94
VID1043,4960505,256532,12401.26,500,12901.26
VID1044,1786593,16207,4466.48,100,4566.48
VID1045,3635318,79044,9088.3,500,9588.3
VID1046,2983862,59151,7459.66,500,7959.66
VID1047,3251097,166087,8127.74,500,8627.74
VID1048,3862748,345830,9656.87,500,10156.87
VID1049,3640839,164669,9102.1,500,9602.1
VID1050,3469042,286431,8672.6,500,9172.6
VID1051,4102873,294599,10257.18,500,10757.18
VID1052,4464494,144872,11161.23,500,11661.23
VID1053,4051316,276841,10128.29,500,10628.29
VID1054,164198,13157,410.5,100,510.5
VID1055,3838954,124043,9597.39,500,10097.39
VID1056,2151927,145320,5379.82,500,5879.82
VID1057,3683803,263903,9209.51,500,9709.51
VID1058,4943696,444398,12359.24,500,12859.24
VID1059,1526640,42724,3816.6,200,4016.6
VID1060,940323,63141,2350.81,500,2850.81
VID1061,2153978,185361,5384.94,500,5884.94
VID1062,2609882,33599,6524.7,200,6724.7
VID1063,2179373,186913,5448.43,500,5948.43
VID1064,4773304,468708,11933.26,500,12433.26
VID1065,4785561,161697,11963.9,500,12463.9
VID1066,1263650,80777,3159.12,500,3659.12
VID1067,3756653,241280,9391.63,500,9891.63
VID1068,4105774,7330,10264.44,0,10264.44
VID1069,4275252,384029,10688.13,500,11188.13
VID1070,3008919,123725,7522.3,500,8022.3
VID1071,516810,7949,1292.02,0,1292.02
VID1072,3533009,342466,8832.52,500,9332.52
VID1073,2188958,121503,5472.4,500,5972.4
VID1074,4132950,402731,10332.38,500,10832.38
VID1075,4700674,80105,11751.68,500,12251.68
VID1076,4702773,186705,11756.93,500,12256.93
VID1077,4059856,15233,10149.64,100,10249.64
VID1078,2736288,64018,6840.72,500,7340.72
VID1079,3768830,278559,9422.08,500,9922.08
VID1080,68603,4168,171.51,0,171.51
VID1081,3049669,108905,7624.17,500,8124.17
VID1082,2585458,22184,6463.65,200,6663.65
VID1083,4517597,82921,11293.99,500,11793.99
VID1084,1223104,30869,3057.76,200,3257.76
VID1085,103121,2587,257.8,0,257.8
VID1086,4968693,140923,12421.73,500,12921.73
VID1087,3097747,99873,7744.37,500,8244.37
VID1088,664902,15108,1662.26,100,1762.26
VID1089,1310764,51251,3276.91,500,3776.91
VID1090,2128452,152107,5321.13,500,5821.13
VID1091,512132,39925,1280.33,200,1480.33
VID1092,1781149,177699,4452.87,500,4952.87
VID1093,3456743,18895,8641.86,100,8741.86
VID1094,4552048,412090,11380.12,500,11880.12
VID1095,413171,36965,1032.93,200,1232.93
VID1096,1967222,176288,4918.06,500,5418.06
VID1097,4739118,354193,11847.8,500,12347.8
VID1098,2465762,233129,6164.41,500,6664.41
VID1099,1964536,51760,4911.34,500,5411.34
VID1100,3324496,154569,8311.24,500,8811.24
VID1101,2779401,250280,6948.5,500,7448.5
VID1102,3021947,234551,7554.87,500,8054.87
VID1103,407190,13751,1017.98,100,1117.97
VID1104,3015501,296594,7538.75,500,8038.75
VID1105,2968067,48564,7420.17,200,7620.17
VID1106,3462051,294648,8655.13,500,9155.13
VID1107,492389,1288,1230.97,0,1230.97
VID1108,3074073,24910,7685.18,200,7885.18
VID1109,1901179,4963,4752.95,0,4752.95
VID1110,4664774,123251,11661.94,500,12161.94
VID1111,4424143,9462,11060.36,0,11060.36
VID1112,1129111,90954,2822.78,500,3322.78
VID1113,667143,45343,1667.86,200,1867.86
VID1114,4387508,264486,10968.77,500,11468.77
VID1115,3809268,322136,9523.17,500,10023.17
VID1116,2861439,87418,7153.6,500,7653.6
VID1117,4810863,68049,12027.16,500,12527.16
VID1118,4066925,334091,10167.31,500,10667.31
VID1119,1501320,145038,3753.3,500,4253.3
VID1120,3339868,184602,8349.67,500,8849.67
VID1121,4418104,434169,11045.26,500,11545.26
VID1122,1826352,176773,4565.88,500,5065.88
VID1123,3068574,266348,7671.44,500,8171.44
VID1124,123227,2217,308.07,0,308.07
VID1125,4772029,416313,11930.07,500,12430.07
VID1126,19871,1260,49.68,0,49.68
VID1127,3168612,207250,7921.53,500,8421.53
VID1128,1629163,108800,4072.91,500,4572.91
VID1129,3247111,10286,8117.78,100,8217.78
VID1130,986037,54618,2465.09,500,2965.09
VID1131,1248542,119384,3121.35,500,3621.35
VID1132,4614475,169803,11536.19,500,12036.19
VID1133,3035085,132452,7587.71,500,8087.71
VID1134,4163031,149784,10407.58,500,10907.58
VID1135,3005185,204474,7512.96,500,8012.96
VID1136,1191258,33279,2978.14,200,3178.14
VID1137,3986531,346727,9966.33,500,10466.33
VID1138,2450131,21478,6125.33,200,6325.33
VID1139,1904117,31338,4760.29,200,4960.29
VID1140,2920989,129944,7302.47,500,7802.47
VID1141,461321,4410,1153.3,0,1153.3
VID1142,127100,8186,317.75,0,317.75
VID1143,2092336,176259,5230.84,500,5730.84
VID1144,485472,17017,1213.68,100,1313.68
VID1145,1004231,28957,2510.58,200,2710.58
VID1146,1300153,92949,3250.38,500,3750.38
VID1147,4676414,420477,11691.03,500,12191.03
VID1148,2214310,105999,5535.77,500,6035.77
VID1149,3649884,168130,9124.71,500,9624.71
VID1150,4708456,53770,11771.14,500,12271.14
VID1151,1780661,115635,4451.65,500,4951.65
VID1152,4447851,362313,11119.63,500,11619.63
VID1153,2157146,20051,5392.87,200,5592.87
VID1154,1984268,113379,4960.67,500,5460.67
VID1155,4309862,319927,10774.66,500,11274.66
VID1156,3688130,309374,9220.33,500,9720.33
VID1157,252395,10281,630.99,100,730.99
VID1158,4595646,275246,11489.11,500,11989.11
VID1159,707387,61465,1768.47,500,2268.47
VID1160,4294642,25428,10736.6,200,10936.6
VID1161,3931626,229783,9829.07,500,10329.07
VID1162,4006999,148990,10017.5,500,10517.5
VID1163,3158791,14888,7896.98,100,7996.98
VID1164,1874318,33776,4685.8,200,4885.8
VID1165,42245,2014,105.61,0,105.61
VID1166,4353159,260773,10882.9,500,11382.9
VID1167,493495,18417,1233.74,100,1333.74
VID1168,2201459,24983,5503.65,200,5703.65
VID1169,2281941,154235,5704.85,500,6204.85
VID1170,3703032,201130,9257.58,500,9757.58
VID1171,2547287,174190,6368.22,500,6868.22
VID1172,4254251,30544,10635.63,200,10835.63
VID1173,64093,4726,160.23,0,160.23
VID1174,1551046,133835,3877.62,500,4377.61
VID1175,848427,63712,2121.07,500,2621.07
VID1176,2294805,103277,5737.01,500,6237.01
VID1177,2801293,277942,7003.23,500,7503.23
VID1178,4300598,190898,10751.49,500,11251.49
VID1179,4048743,91412,10121.86,500,10621.86
VID1180,490026,12710,1225.07,100,1325.07
VID1181,1664857,119773,4162.14,500,4662.14
VID1182,4272930,137122,10682.33,500,11182.33
VID1183,243462,11417,608.65,100,708.65
VID1184,2850789,146741,7126.97,500,7626.97
VID1185,645797,49497,1614.49,200,1814.49
VID1186,621427,48943,1553.57,200,1753.57
VID1187,3098638,152782,7746.59,500,8246.59
VID1188,492003,4025,1230.01,0,1230.01
VID1189,4959923,35522,12399.81,200,12599.81
VID1190,672044,1375,1680.11,0,1680.11
VID1191,956012,49539,2390.03,200,2590.03
VID1192,3594556,274366,8986.39,500,9486.39
VID1193,3967941,335163,9919.85,500,10419.85
VID1194,1925525,157000,4813.81,500,5313.81
VID1195,1983990,16829,4959.98,100,5059.98
VID1196,3099773,271925,7749.43,500,8249.43
VID1197,4524671,215459,11311.68,500,11811.68
VID1198,2718650,55421,6796.62,500,7296.62
VID1199,2747185,16401,6867.96,100,6967.96
VID1200,2034688,134774,5086.72,500,5586.72
VID1201,897916,33,2244.79,0,2244.79
VID1202,3589749,174765,8974.37,500,9474.37
VID1203,2059784,193772,5149.46,500,5649.46
VID1204,1926353,91991,4815.88,500,5315.88
VID1205,3002624,127031,7506.56,500,8006.56
VID1206,460070,13876,1150.17,100,1250.17
VID1207,266072,8870,665.18,0,665.18
VID1208,1232289,40532,3080.72,200,3280.72
VID1209,3239430,11375,8098.57,100,8198.58
VID1210,4755731,432723,11889.33,500,12389.33
VID1211,4918584,136611,12296.46,500,12796.46
VID1212,1395380,122819,3488.45,500,3988.45
VID1213,1491325,16968,3728.31,100,3828.31
VID1214,1838297,65225,4595.74,500,5095.74
VID1215,1673346,101294,4183.36,500,4683.36
VID1216,833971,12955,2084.93,100,2184.93
VID1217,2366357,144198,5915.89,500,6415.89
VID1218,3473770,169765,8684.42,500,9184.42
VID1219,3449522,244445,8623.81,500,9123.81
VID1220,2285490,190271,5713.72,500,6213.72
VID1221,4167277,261414,10418.19,500,10918.19
VID1222,1310226,79594,3275.57,500,3775.57
VID1223,3648776,47625,9121.94,200,9321.94
VID1224,3963703,206206,9909.26,500,10409.26
VID1225,1940515,151163,4851.29,500,5351.29
VID1226,3963259,265121,9908.15,500,10408.15
VID1227,3094626,160058,7736.57,500,8236.57
VID1228,4480003,111629,11200.01,500,11700.01
VID1229,1217231,88258,3043.08,500,3543.08
VID1230,4482391,253666,11205.98,500,11705.98
VID1231,2686409,237312,6716.02,500,7216.02
VID1232,3929730,330533,9824.33,500,10324.33
VID1233,4322665,320624,10806.66,500,11306.66
VID1234,4967563,168533,12418.91,500,12918.91
VID1235,3376634,151042,8441.58,500,8941.58
VID1236,2255527,137335,5638.82,500,6138.82
VID1237,4245917,89817,10614.79,500,11114.79
VID1238,2775499,190930,6938.75,500,7438.75
VID1239,506226,43200,1265.57,200,1465.57
VID1240,2063762,87731,5159.41,500,5659.41
VID1241,3623546,104508,9058.86,500,9558.86
VID1242,1047702,88974,2619.26,500,3119.26
VID1243,3088904,138431,7722.26,500,8222.26
VID1244,4116984,167364,10292.46,500,10792.46
VID1245,4301599,407494,10754.0,500,11254.0
VID1246,4294445,354628,10736.11,500,11236.11
VID1247,2874434,123841,7186.09,500,7686.09
VID1248,1329055,50765,3322.64,500,3822.64
VID1249,3214510,139902,8036.28,500,8536.28
VID1250,3455883,124840,8639.71,500,9139.71
VID1251,1990849,94716,4977.12,500,5477.12
VID1252,3535293,294008,8838.23,500,9338.23
VID1253,890631,54494,2226.58,500,2726.58
VID1254,1663648,114001,4159.12,500,4659.12
VID1255,2799214,175547,6998.03,500,7498.03
VID1256,1999715,120359,4999.29,500,5499.29
VID1257,4190077,345174,10475.19,500,10975.19
VID1258,1020961,16150,2552.4,100,2652.4
VID1259,3537504,123468,8843.76,500,9343.76
VID1260,3432463,134415,8581.16,500,9081.16
VID1261,3405423,162101,8513.56,500,9013.56
VID1262,570880,14269,1427.2,100,1527.2
VID1263,2707861,257692,6769.65,500,7269.65
VID1264,4279351,398977,10698.38,500,11198.38
VID1265,2160760,132079,5401.9,500,5901.9
VID1266,1997510,159744,4993.77,500,5493.77
VID1267,3500762,246709,8751.91,500,9251.91
VID1268,1008923,32125,2522.31,200,2722.31
VID1269,4863430,137488,12158.58,500,12658.58
VID1270,4874545,280548,12186.36,500,12686.36
VID1271,3436535,258437,8591.34,500,9091.34
VID1272,108482,3833,271.2,0,271.2
VID1273,860128,19238,2150.32,100,2250.32
VID1274,1355168,78172,3387.92,500,3887.92
VID1275,4364853,271324,10912.13,500,11412.13
VID1276,3395045,125129,8487.61,500,8987.61
VID1277,1148264,74819,2870.66,500,3370.66
VID1278,1161988,37387,2904.97,200,3104.97
VID1279,4605400,322619,11513.5,500,12013.5
VID1280,1805430,47486,4513.57,200,4713.57
VID1281,4970618,107076,12426.55,500,12926.55
VID1282,473350,20769,1183.38,200,1383.38
VID1283,4290650,63521,10726.62,500,11226.62
VID1284,4651635,365973,11629.09,500,12129.09
VID1285,2919988,267833,7299.97,500,7799.97
VID1286,3727697,325121,9319.24,500,9819.24
VID1287,1379361,53018,3448.4,500,3948.4
VID1288,1352839,28054,3382.1,200,3582.1
VID1289,104034,7670,260.09,0,260.09
VID1290,2145273,69913,5363.18,500,5863.18
VID1291,2255127,53783,5637.82,500,6137.82
VID1292,2359708,72011,5899.27,500,6399.27
VID1293,4173426,303261,10433.57,500,10933.57
VID1294,1115690,41112,2789.23,200,2989.23
VID1295,3916260,3129,9790.65,0,9790.65
VID1296,203130,8863,507.82,0,507.82
VID1297,4210143,44575,10525.36,200,10725.36
VID1298,1277068,31251,3192.67,200,3392.67
VID1299,334524,16580,836.31,100,936.31
VID1300,2873582,5480,7183.95,0,7183.95
VID1301,1461698,3139,3654.25,0,3654.25
VID1302,4670862,12566,11677.16,100,11777.16
VID1303,4378975,94572,10947.44,500,11447.44
VID1304,2278585,78432,5696.46,500,6196.46
VID1305,751419,63017,1878.55,500,2378.55
VID1306,3841779,50483,9604.45,500,10104.45
VID1307,4033130,42654,10082.83,200,10282.83
VID1308,4760986,198696,11902.47,500,12402.47
VID1309,4350722,245777,10876.81,500,11376.81
VID1310,1613772,62581,4034.43,500,4534.43
VID1311,962778,63910,2406.95,500,2906.95
VID1312,2320338,69283,5800.85,500,6300.85
VID1313,2026711,177626,5066.78,500,5566.78
VID1314,1174651,3843,2936.63,0,2936.63
VID1315,3727491,138600,9318.73,500,9818.73
VID1316,2368702,61082,5921.76,500,6421.76
VID1317,1125180,1526,2812.95,0,2812.95
VID1318,1666625,27459,4166.56,200,4366.56
VID1319,2462955,145745,6157.39,500,6657.39
VID1320,104966,9330,262.41,0,262.41
VID1321,2061725,50841,5154.31,500,5654.31
VID1322,4015117,53441,10037.79,500,10537.79
VID1323,1953651,7668,4884.13,0,4884.13
VID1324,1092753,12040,2731.88,100,2831.88
VID1325,1231686,85900,3079.21,500,3579.21
VID1326,2937480,247524,7343.7,500,7843.7
VID1327,811141,5109,2027.85,0,2027.85
VID1328,4470626,368056,11176.57,500,11676.57
VID1329,348616,25391,871.54,200,1071.54
VID1330,3231087,151781,8077.72,500,8577.72
VID1331,1223807,103801,3059.52,500,3559.52
VID1332,4729528,315967,11823.82,500,12323.82
VID1333,1791571,132073,4478.93,500,4978.93
VID1334,655315,27637,1638.29,200,1838.29
VID1335,4570326,98665,11425.82,500,11925.82
VID1336,1997442,41659,4993.6,200,5193.6
VID1337,2685409,91781,6713.52,500,7213.52
VID1338,2453823,230370,6134.56,500,6634.56
VID1339,2845662,140460,7114.15,500,7614.15
VID1340,3673391,26621,9183.48,200,9383.48
VID1341,1082532,24492,2706.33,200,2906.33
VID1342,3049568,268970,7623.92,500,8123.92
VID1343,290155,19628,725.39,100,825.39
VID1344,4543120,446141,11357.8,500,11857.8
VID1345,4506009,211191,11265.02,500,11765.02
VID1346,4464846,136764,11162.11,500,11662.11
VID1347,4713686,341790,11784.22,500,12284.22
VID1348,4697232,464649,11743.08,500,12243.08
VID1349,2618197,82237,6545.49,500,7045.49
VID1350,1888387,182076,4720.97,500,5220.97
VID1351,2582109,200524,6455.27,500,6955.27
VID1352,205073,5787,512.68,0,512.68
VID1353,1188326,31193,2970.82,200,3170.82
VID1354,4077161,93873,10192.9,500,10692.9
VID1355,853744,79790,2134.36,500,2634.36
VID1356,748445,28804,1871.11,200,2071.11
VID1357,2266333,92758,5665.83,500,6165.83
VID1358,2367216,117599,5918.04,500,6418.04
VID1359,1644946,20598,4112.36,200,4312.36
VID1360,3777552,273898,9443.88,500,9943.88
VID1361,1534665,74232,3836.66,500,4336.66
VID1362,1646034,32577,4115.09,200,4315.09
VID1363,4666317,200942,11665.79,500,12165.79
VID1364,2468080,143799,6170.2,500,6670.2
VID1365,1613647,101012,4034.12,500,4534.12
VID1366,2932676,122418,7331.69,500,7831.69
VID1367,4612975,169495,11532.44,500,12032.44
VID1368,2986007,125261,7465.02,500,7965.02
VID1369,3798894,138194,9497.23,500,9997.23
VID1370,4729505,458221,11823.76,500,12323.76
VID1371,1273117,43964,3182.79,200,3382.79
VID1372,4215923,85954,10539.81,500,11039.81
VID1373,4942411,458425,12356.03,500,12856.03
VID1374,4668466,323418,11671.17,500,12171.17
VID1375,1675963,134151,4189.91,500,4689.91
VID1376,473936,34613,1184.84,200,1384.84
VID1377,663610,42822,1659.03,200,1859.03
VID1378,3478348,182307,8695.87,500,9195.87
VID1379,3292367,280801,8230.92,500,8730.92
VID1380,1460972,54022,3652.43,500,4152.43
VID1381,2619207,234286,6548.02,500,7048.02
VID1382,2007682,179173,5019.2,500,5519.2
VID1383,1890188,8123,4725.47,0,4725.47
VID1384,4274389,296434,10685.97,500,11185.97
VID1385,3632086,344172,9080.22,500,9580.22
VID1386,3243345,31356,8108.36,200,8308.36
VID1387,3312086,115311,8280.22,500,8780.22
VID1388,1994428,31916,4986.07,200,5186.07
VID1389,1094259,29951,2735.65,200,2935.65
VID1390,1501444,27754,3753.61,200,3953.61
VID1391,4223752,130891,10559.38,500,11059.38
VID1392,2472448,31908,6181.12,200,6381.12
VID1393,2472391,42410,6180.98,200,6380.98
VID1394,4650421,55955,11626.05,500,12126.05
VID1395,419871,17823,1049.68,100,1149.68
VID1396,195378,10487,488.44,100,588.44
VID1397,4907629,426347,12269.07,500,12769.07
VID1398,1375047,121451,3437.62,500,3937.62
VID1399,2557596,62127,6393.99,500,6893.99
VID1400,2611652,128139,6529.13,500,7029.13
VID1401,1373633,94542,3434.08,500,3934.08
VID1402,277187,2909,692.97,0,692.97
VID1403,3484677,72295,8711.69,500,9211.69
VID1404,3045291,90430,7613.23,500,8113.23
VID1405,2072835,132977,5182.09,500,5682.09
VID1406,3508523,201353,8771.31,500,9271.31
VID1407,1671254,74001,4178.14,500,4678.14
VID1408,1082041,97618,2705.1,500,3205.1
VID1409,34611,569,86.53,0,86.53
VID1410,3817394,283640,9543.48,500,10043.48
VID1411,345977,5822,864.94,0,864.94
VID1412,3110675,151765,7776.69,500,8276.69
VID1413,2268390,41652,5670.97,200,5870.97
VID1414,1068821,20130,2672.05,200,2872.05
VID1415,813707,41249,2034.27,200,2234.27
VID1416,1428902,6449,3572.26,0,3572.26
VID1417,1571554,129059,3928.89,500,4428.89
VID1418,249788,17062,624.47,100,724.47
VID1419,1943580,59701,4858.95,500,5358.95
VID1420,3400793,192948,8501.98,500,9001.98
VID1421,2660350,68662,6650.88,500,7150.88
VID1422,2816419,252770,7041.05,500,7541.05
VID1423,455614,30320,1139.03,200,1339.03
VID1424,4115255,96174,10288.14,500,10788.14
VID1425,2797378,185977,6993.45,500,7493.45
VID1426,153225,8550,383.06,0,383.06
VID1427,2260450,35467,5651.12,200,5851.12
VID1428,3735877,212338,9339.69,500,9839.69
VID1429,4982406,400247,12456.01,500,12956.01
VID1430,156764,9101,391.91,0,391.91
VID1431,1587753,88258,3969.38,500,4469.38
VID1432,3482268,216960,8705.67,500,9205.67
VID1433,584554,45675,1461.38,200,1661.38
VID1434,1623292,50395,4058.23,500,4558.23
VID1435,426848,27893,1067.12,200,1267.12
VID1436,1157364,67224,2893.41,500,3393.41
VID1437,1736972,126175,4342.43,500,4842.43
VID1438,272845,26101,682.11,200,882.11
VID1439,1356286,101789,3390.72,500,3890.72
VID1440,183067,470,457.67,0,457.67
VID1441,4978644,237586,12446.61,500,12946.61
VID1442,3284145,95144,8210.36,500,8710.36
VID1443,4813688,426083,12034.22,500,12534.22
VID1444,1972364,91854,4930.91,500,5430.91
VID1445,2448602,26738,6121.5,200,6321.5
VID1446,2174885,166682,5437.21,500,5937.21
VID1447,4021351,373635,10053.38,500,10553.38
VID1448,3423753,35338,8559.38,200,8759.38
VID1449,3291217,287512,8228.04,500,8728.04
VID1450,1915926,132608,4789.81,500,5289.81
VID1451,1921079,191617,4802.7,500,5302.7
VID1452,180005,6947,450.01,0,450.01
VID1453,4717331,179864,11793.33,500,12293.33
VID1454,143290,7217,358.22,0,358.22
VID1455,3391018,225010,8477.55,500,8977.55
VID1456,36966,174,92.42,0,92.42
VID1457,4738990,410775,11847.47,500,12347.47
VID1458,1518169,71747,3795.42,500,4295.42
VID1459,1876821,76402,4692.05,500,5192.05
VID1460,3190262,212281,7975.66,500,8475.66
VID1461,3562245,102154,8905.61,500,9405.61
VID1462,1339751,44410,3349.38,200,3549.38
VID1463,722982,14949,1807.45,100,1907.45
VID1464,110800,6394,277.0,0,277.0
VID1465,2438996,147125,6097.49,500,6597.49
VID1466,2221608,68587,5554.02,500,6054.02
VID1467,859063,62211,2147.66,500,2647.66
VID1468,4459940,106336,11149.85,500,11649.85
VID1469,1553543,127005,3883.86,500,4383.86
VID1470,2826756,8918,7066.89,0,7066.89
VID1471,379923,18411,949.81,100,1049.81
VID1472,2002161,160644,5005.4,500,5505.4
VID1473,3039131,29254,7597.83,200,7797.83
VID1474,4151903,236051,10379.76,500,10879.76
VID1475,3323014,11506,8307.53,100,8407.53
VID1476,1083148,22398,2707.87,200,2907.87
VID1477,477311,31566,1193.28,200,1393.28
VID1478,3272287,165100,8180.72,500,8680.72
VID1479,4037815,227014,10094.54,500,10594.54
VID1480,2682572,162408,6706.43,500,7206.43
VID1481,4528520,377755,11321.3,500,11821.3
VID1482,3171759,150386,7929.4,500,8429.4
VID1483,3977257,290527,9943.14,500,10443.14
VID1484,93279,6972,233.2,0,233.2
VID1485,4598434,44155,11496.09,200,11696.09
VID1486,4741714,465738,11854.28,500,12354.28
VID1487,940914,21259,2352.28,200,2552.28
VID1488,3835291,174648,9588.23,500,10088.23
VID1489,1073313,48515,2683.28,200,2883.28
VID1490,4879509,307915,12198.77,500,12698.77
VID1491,1636656,127763,4091.64,500,4591.64
VID1492,4037156,368820,10092.89,500,10592.89
VID1493,3762286,164625,9405.72,500,9905.72
VID1494,3297510,213172,8243.78,500,8743.78
VID1495,3091098,268188,7727.74,500,8227.74
VID1496,880307,38610,2200.77,200,2400.77
VID1497,752942,63497,1882.36,500,2382.36
VID1498,745696,39467,1864.24,200,2064.24
VID1499,198406,13010,496.01,100,596.01
VID1500,3352538,244891,8381.34,500,8881.34
VID1501,1496183,112044,3740.46,500,4240.46
VID1502,4263575,228669,10658.94,500,11158.94
VID1503,3365969,78781,8414.92,500,8914.92
VID1504,3610300,38620,9025.75,200,9225.75
VID1505,2649794,232581,6624.48,500,7124.48
VID1506,3599292,76782,8998.23,500,9498.23
VID1507,4152522,17825,10381.31,100,10481.31
VID1508,4522102,429913,11305.25,500,11805.25
VID1509,2213842,120990,5534.61,500,6034.61
VID1510,1133579,22705,2833.95,200,3033.95
VID1511,3179823,13737,7949.56,100,8049.56
VID1512,4735971,82879,11839.93,500,12339.93
VID1513,4986087,141094,12465.22,500,12965.22
VID1514,1700333,114750,4250.83,500,4750.83
VID1515,1129729,67141,2824.32,500,3324.32
VID1516,1056406,3338,2641.01,0,2641.01
VID1517,2458165,109765,6145.41,500,6645.41
VID1518,2890064,205917,7225.16,500,7725.16
VID1519,803976,40721,2009.94,200,2209.94
VID1520,3979880,188198,9949.7,500,10449.7
VID1521,4704245,26659,11760.61,200,11960.61
VID1522,432396,31686,1080.99,200,1280.99
VID1523,1967430,119624,4918.57,500,5418.57
VID1524,89180,6194,222.95,0,222.95
VID1525,1279893,98299,3199.73,500,3699.73
VID1526,947235,33198,2368.09,200,2568.09
VID1527,4028039,144304,10070.1,500,10570.1
VID1528,1729837,166806,4324.59,500,4824.59
VID1529,3417690,136628,8544.23,500,9044.23
VID1530,500094,43464,1250.23,200,1450.23
VID1531,3652007,3828,9130.02,0,9130.02
VID1532,420025,41032,1050.06,200,1250.06
VID1533,4859663,423355,12149.16,500,12649.16
VID1534,4524508,368686,11311.27,500,11811.27
VID1535,4255932,397385,10639.83,500,11139.83
VID1536,1771526,166428,4428.82,500,4928.82
VID1537,4092503,322574,10231.26,500,10731.26
VID1538,1337545,110256,3343.86,500,3843.86
VID1539,1680369,28736,4200.92,200,4400.92
VID1540,1676171,135846,4190.43,500,4690.43
VID1541,3169883,71452,7924.71,500,8424.71
VID1542,3300832,27447,8252.08,200,8452.08
VID1543,2787223,203772,6968.06,500,7468.06
VID1544,4381141,329522,10952.85,500,11452.85
VID1545,314749,13404,786.87,100,886.87
VID1546,1994535,1359,4986.34,0,4986.34
VID1547,605654,60167,1514.13,500,2014.13
VID1548,1714765,108542,4286.91,500,4786.91
VID1549,3568470,107822,8921.17,500,9421.17
VID1550,3030649,91241,7576.62,500,8076.62
VID1551,53252,2339,133.13,0,133.13
VID1552,542584,1366,1356.46,0,1356.46
VID1553,2006586,125442,5016.47,500,5516.47
VID1554,2372285,211442,5930.71,500,6430.71
VID1555,2190067,41659,5475.17,200,5675.17
VID1556,3814817,136401,9537.04,500,10037.04
VID1557,787426,64519,1968.57,500,2468.57
VID1558,3335411,201082,8338.53,500,8838.53
VID1559,224325,176,560.81,0,560.81
VID1560,2450203,217709,6125.51,500,6625.51
VID1561,887226,15476,2218.07,100,2318.07
VID1562,4815554,429692,12038.89,500,12538.89
VID1563,319925,28279,799.81,200,999.81
VID1564,22518,83,56.3,0,56.3
VID1565,1117412,81404,2793.53,500,3293.53
VID1566,2033724,197404,5084.31,500,5584.31
VID1567,4373603,203552,10934.01,500,11434.01
VID1568,4131027,49581,10327.57,200,10527.57
VID1569,3903191,321331,9757.98,500,10257.98
VID1570,3185923,34246,7964.81,200,8164.81
VID1571,2857175,177450,7142.94,500,7642.94
VID1572,4651090,330544,11627.73,500,12127.73
VID1573,13897,1009,34.74,0,34.74
VID1574,363122,22097,907.81,200,1107.81
VID1575,4312772,304013,10781.93,500,11281.93
VID1576,2472613,240039,6181.53,500,6681.53
VID1577,1205398,22129,3013.49,200,3213.49
VID1578,4154859,189716,10387.15,500,10887.15
VID1579,3355176,141695,8387.94,500,8887.94
VID1580,2446649,45728,6116.62,200,6316.62
VID1581,4276940,277861,10692.35,500,11192.35
VID1582,1056883,17104,2642.21,100,2742.21
VID1583,611892,41435,1529.73,200,1729.73
VID1584,4260541,380577,10651.35,500,11151.35
VID1585,2020310,34238,5050.77,200,5250.77
VID1586,2822460,66171,7056.15,500,7556.15
VID1587,2616446,100241,6541.11,500,7041.11
VID1588,1323233,53026,3308.08,500,3808.08
VID1589,3726175,148787,9315.44,500,9815.44
VID1590,1259606,93343,3149.01,500,3649.01
VID1591,1894006,153673,4735.02,500,5235.02
VID1592,1603486,60175,4008.72,500,4508.72
VID1593,4297639,33458,10744.1,200,10944.1
VID1594,501926,38346,1254.82,200,1454.82
VID1595,665933,35083,1664.83,200,1864.83
VID1596,1155018,9962,2887.55,0,2887.55
VID1597,2436957,21665,6092.39,200,6292.39
VID1598,3760150,258337,9400.38,500,9900.38
VID1599,108378,5092,270.94,0,270.94
VID1600,586922,21102,1467.31,200,1667.31
VID1601,4281534,266843,10703.83,500,11203.83
VID1602,1478765,89299,3696.91,500,4196.91
VID1603,3903678,164306,9759.19,500,10259.19
VID1604,2754925,15985,6887.31,100,6987.31
VID1605,1881334,186665,4703.34,500,5203.34
VID1606,918747,45736,2296.87,200,2496.87
VID1607,1849474,128971,4623.68,500,5123.68
VID1608,4844384,190937,12110.96,500,12610.96
VID1609,2734838,1358,6837.1,0,6837.1
VID1610,4293167,290392,10732.92,500,11232.92
VID1611,4716428,360953,11791.07,500,12291.07
VID1612,3269827,175936,8174.57,500,8674.57
VID1613,4948233,375164,12370.58,500,12870.58
VID1614,4816812,220465,12042.03,500,12542.03
VID1615,2993065,190649,7482.66,500,7982.66
VID1616,1524977,252,3812.44,0,3812.44
VID1617,3930531,44317,9826.33,200,10026.33
VID1618,4664840,66380,11662.1,500,12162.1
VID1619,2269927,156226,5674.82,500,6174.82
VID1620,3275658,260886,8189.14,500,8689.15
VID1621,1599482,95388,3998.7,500,4498.7
VID1622,1015070,38093,2537.68,200,2737.68
VID1623,2285568,12081,5713.92,100,5813.92
VID1624,1736137,111061,4340.34,500,4840.34
VID1625,4043980,48594,10109.95,200,10309.95
VID1626,404665,20392,1011.66,200,1211.66
VID1627,4921229,121983,12303.07,500,12803.07
VID1628,2996773,205186,7491.93,500,7991.93
VID1629,1310738,45219,3276.85,200,3476.85
VID1630,4964999,267369,12412.5,500,12912.5
VID1631,3837928,202886,9594.82,500,10094.82
VID1632,2411461,148181,6028.65,500,6528.65
VID1633,4118250,112099,10295.62,500,10795.62
VID1634,2829850,115637,7074.62,500,7574.62
VID1635,2572666,95318,6431.67,500,6931.67
VID1636,2016662,67206,5041.65,500,5541.65
VID1637,1631986,26043,4079.97,200,4279.97
VID1638,1803582,31681,4508.95,200,4708.95
VID1639,4305819,125467,10764.55,500,11264.55
VID1640,900499,54414,2251.25,500,2751.25
VID1641,1810364,67126,4525.91,500,5025.91
VID1642,2222273,61554,5555.68,500,6055.68
VID1643,4223979,43747,10559.95,200,10759.95
VID1644,713790,12465,1784.47,100,1884.47
VID1645,1709500,116702,4273.75,500,4773.75
VID1646,1362878,132904,3407.19,500,3907.19
VID1647,786165,64237,1965.41,500,2465.41
VID1648,4706426,226138,11766.07,500,12266.07
VID1649,848849,70306,2122.12,500,2622.12
VID1650,1500640,69706,3751.6,500,4251.6
VID1651,874273,27610,2185.68,200,2385.68
VID1652,542005,32638,1355.01,200,1555.01
VID1653,823945,26001,2059.86,200,2259.86
VID1654,1069947,65583,2674.87,500,3174.87
VID1655,3576541,239957,8941.35,500,9441.35
VID1656,1546212,116561,3865.53,500,4365.53
VID1657,3371114,198311,8427.78,500,8927.78
VID1658,2821553,206208,7053.88,500,7553.88
VID1659,1582500,124908,3956.25,500,4456.25
VID1660,1112749,102777,2781.87,500,3281.87
VID1661,1208948,39725,3022.37,200,3222.37
VID1662,687708,45500,1719.27,200,1919.27
VID1663,1363538,75938,3408.85,500,3908.85
VID1664,4022971,218904,10057.43,500,10557.43
VID1665,3909753,376020,9774.38,500,10274.38
VID1666,2381200,2243,5953.0,0,5953.0
VID1667,4100813,204772,10252.03,500,10752.03
VID1668,3711136,369537,9277.84,500,9777.84
VID1669,2952089,285209,7380.22,500,7880.22
VID1670,4457329,45858,11143.32,200,11343.32
VID1671,149695,10294,374.24,100,474.24
VID1672,3674479,124252,9186.2,500,9686.2
VID1673,1073110,73589,2682.77,500,3182.77
VID1674,4101604,26793,10254.01,200,10454.01
VID1675,4757068,296745,11892.67,500,12392.67
VID1676,1862850,82586,4657.12,500,5157.12
VID1677,4789317,227060,11973.29,500,12473.29
VID1678,2535493,149461,6338.73,500,6838.73
VID1679,833083,66250,2082.71,500,2582.71
VID1680,3754789,293491,9386.97,500,9886.97
VID1681,3134520,303120,7836.3,500,8336.3
VID1682,2667985,12826,6669.96,100,6769.96
VID1683,2483325,21855,6208.31,200,6408.31
VID1684,1408083,63959,3520.21,500,4020.21
VID1685,532962,8344,1332.4,0,1332.4
VID1686,1097798,53360,2744.49,500,3244.49
VID1687,2802057,13037,7005.14,100,7105.14
VID1688,4395837,26839,10989.59,200,11189.59
VID1689,2547181,147639,6367.95,500,6867.95
VID1690,3296459,129428,8241.15,500,8741.15
VID1691,787167,35927,1967.92,200,2167.92
VID1692,4905129,114590,12262.82,500,12762.82
VID1693,3968398,282533,9921.0,500,10421.0
VID1694,400451,34040,1001.13,200,1201.13
VID1695,187053,12417,467.63,100,567.63
VID1696,2799735,15076,6999.34,100,7099.34
VID1697,4389015,296611,10972.54,500,11472.54
VID1698,1186355,43153,2965.89,200,3165.89
VID1699,2820216,280696,7050.54,500,7550.54
VID1700,2097128,100551,5242.82,500,5742.82
VID1701,2387187,206364,5967.97,500,6467.97
VID1702,400981,22840,1002.45,200,1202.45
VID1703,3775555,69517,9438.89,500,9938.89
VID1704,2411568,42050,6028.92,200,6228.92
VID1705,9564,374,23.91,0,23.91
VID1706,2940971,80649,7352.43,500,7852.43
VID1707,644485,57205,1611.21,500,2111.21
VID1708,4051136,113376,10127.84,500,10627.84
VID1709,4685758,69515,11714.4,500,12214.4
VID1710,2540566,12214,6351.41,100,6451.41
VID1711,4345148,357972,10862.87,500,11362.87
VID1712,3983865,327087,9959.66,500,10459.66
VID1713,1766732,100929,4416.83,500,4916.83
VID1714,1896377,122008,4740.94,500,5240.94
VID1715,2677331,18000,6693.33,100,6793.33
VID1716,4684668,223649,11711.67,500,12211.67
VID1717,4483602,436790,11209.0,500,11709.0
VID1718,978311,35099,2445.78,200,2645.78
VID1719,3166865,284381,7917.16,500,8417.16
VID1720,2079634,102180,5199.09,500,5699.09
VID1721,1738470,91503,4346.18,500,4846.18
VID1722,4618805,433053,11547.01,500,12047.01
VID1723,1845873,184402,4614.68,500,5114.68
VID1724,2106433,13309,5266.08,100,5366.08
VID1725,2208705,15009,5521.76,100,5621.76
VID1726,152862,21,382.15,0,382.15
VID1727,3931941,274130,9829.85,500,10329.85
VID1728,2630014,18173,6575.03,100,6675.03
VID1729,3934600,47897,9836.5,200,10036.5
VID1730,2063970,43361,5159.92,200,5359.92
VID1731,2995574,245717,7488.94,500,7988.94
VID1732,612568,12896,1531.42,100,1631.42
VID1733,1060439,45921,2651.1,200,2851.1
VID1734,769713,23391,1924.28,200,2124.28
VID1735,3384452,335357,8461.13,500,8961.13
VID1736,2666841,18276,6667.1,100,6767.1
VID1737,458155,33630,1145.39,200,1345.39
VID1738,2280739,91365,5701.85,500,6201.85
VID1739,1424021,71073,3560.05,500,4060.05
VID1740,1019567,34305,2548.92,200,2748.92
VID1741,2909733,172226,7274.33,500,7774.33
VID1742,681390,2073,1703.47,0,1703.47
VID1743,2931064,194867,7327.66,500,7827.66
VID1744,3680763,172254,9201.91,500,9701.91
VID1745,2636135,168986,6590.34,500,7090.34
VID1746,2546036,78921,6365.09,500,6865.09
VID1747,2968748,259027,7421.87,500,7921.87
VID1748,2251942,155271,5629.85,500,6129.85
VID1749,887999,77947,2220.0,500,2720.0
VID1750,1440384,51095,3600.96,500,4100.96
VID1751,4633244,179498,11583.11,500,12083.11
VID1752,4210722,119169,10526.81,500,11026.81
VID1753,2206118,109804,5515.3,500,6015.3
VID1754,2491070,55481,6227.68,500,6727.68
VID1755,4933679,252553,12334.2,500,12834.2
VID1756,3724643,288590,9311.61,500,9811.61
VID1757,4043882,94437,10109.7,500,10609.7
VID1758,1803092,141059,4507.73,500,5007.73
VID1759,2314380,230857,5785.95,500,6285.95
VID1760,2203120,196958,5507.8,500,6007.8
VID1761,2630123,8091,6575.31,0,6575.31
VID1762,4863392,11123,12158.48,100,12258.48
VID1763,3771778,152912,9429.44,500,9929.44
VID1764,1375132,53156,3437.83,500,3937.83
VID1765,3241944,308717,8104.86,500,8604.86
VID1766,4594816,203794,11487.04,500,11987.04
VID1767,3130595,14730,7826.49,100,7926.49
VID1768,1409993,29031,3524.98,200,3724.98
VID1769,2564202,137553,6410.51,500,6910.51
VID1770,4212154,350506,10530.39,500,11030.39
VID1771,3405628,57462,8514.07,500,9014.07
VID1772,4098986,282032,10247.47,500,10747.47
VID1773,2067174,161292,5167.93,500,5667.93
VID1774,3271431,238542,8178.58,500,8678.58
VID1775,2650151,1512,6625.38,0,6625.38
VID1776,352815,2259,882.04,0,882.04
VID1777,2010531,44836,5026.33,200,5226.33
VID1778,4554976,288721,11387.44,500,11887.44
VID1779,1009631,15244,2524.08,100,2624.08
VID1780,3054628,297231,7636.57,500,8136.57
VID1781,4371652,36102,10929.13,200,11129.13
VID1782,3573235,35623,8933.09,200,9133.09
VID1783,3310726,58678,8276.82,500,8776.82
VID1784,2406227,151008,6015.57,500,6515.57
VID1785,4961057,358792,12402.64,500,12902.64
VID1786,2912815,52084,7282.04,500,7782.04
VID1787,4340411,411605,10851.03,500,11351.03
VID1788,2835794,66848,7089.48,500,7589.48
VID1789,435065,12082,1087.66,100,1187.66
VID1790,3251171,227577,8127.93,500,8627.93
VID1791,1333174,99854,3332.93,500,3832.93
VID1792,4542534,22181,11356.33,200,11556.33
VID1793,2290327,127612,5725.82,500,6225.82
VID1794,2822233,124148,7055.58,500,7555.58
VID1795,2557348,201848,6393.37,500,6893.37
VID1796,3253600,304765,8134.0,500,8634.0
VID1797,2590938,197229,6477.35,500,6977.35
VID1798,3035413,200817,7588.53,500,8088.53
VID1799,2401592,6459,6003.98,0,6003.98
VID1800,1376260,117043,3440.65,500,3940.65
VID1801,3740454,26114,9351.14,200,9551.14
VID1802,1306908,118031,3267.27,500,3767.27
VID1803,3866256,58828,9665.64,500,10165.64
VID1804,2650977,202460,6627.44,500,7127.44
VID1805,3314691,21566,8286.73,200,8486.73
VID1806,2051594,67824,5128.99,500,5628.99
VID1807,4447455,414838,11118.64,500,11618.64
VID1808,375381,22993,938.45,200,1138.45
VID1809,4883061,41276,12207.65,200,12407.65
VID1810,4137780,128778,10344.45,500,10844.45
VID1811,2802698,174658,7006.74,500,7506.74
VID1812,538719,36346,1346.8,200,1546.8
VID1813,4118277,239707,10295.69,500,10795.69
VID1814,4182594,90451,10456.49,500,10956.49
VID1815,280630,19553,701.58,100,801.58
VID1816,4411259,78310,11028.15,500,11528.15
VID1817,643274,47229,1608.18,200,1808.18
VID1818,204376,7333,510.94,0,510.94
VID1819,3314401,52747,8286.0,500,8786.0
VID1820,2773560,84651,6933.9,500,7433.9
VID1821,4271851,251523,10679.63,500,11179.63
VID1822,1602801,130530,4007.0,500,4507.0
VID1823,2907605,243299,7269.01,500,7769.01
VID1824,3782900,180459,9457.25,500,9957.25
VID1825,810765,35417,2026.91,200,2226.91
VID1826,4053694,10758,10134.24,100,10234.24
VID1827,3373351,96946,8433.38,500,8933.38
VID1828,200521,16478,501.3,100,601.3
VID1829,4768192,45143,11920.48,200,12120.48
VID1830,871191,56595,2177.98,500,2677.98
VID1831,2501972,40750,6254.93,200,6454.93
VID1832,3231840,208836,8079.6,500,8579.6
VID1833,4157621,245086,10394.05,500,10894.05
VID1834,4011619,172320,10029.05,500,10529.05
VID1835,1760509,70887,4401.27,500,4901.27
VID1836,475566,29125,1188.91,200,1388.91
VID1837,4902131,19971,12255.33,100,12355.33
VID1838,2833136,118406,7082.84,500,7582.84
VID1839,1213493,59966,3033.73,500,3533.73
VID1840,3983714,46065,9959.28,200,10159.28
VID1841,3956510,305010,9891.28,500,10391.28
VID1842,3410189,244657,8525.47,500,9025.47
VID1843,3936228,57373,9840.57,500,10340.57
VID1844,4320153,370422,10800.38,500,11300.38
VID1845,2181318,168068,5453.3,500,5953.3
VID1846,3839698,63536,9599.24,500,10099.24
VID1847,2511264,68950,6278.16,500,6778.16
VID1848,1175281,102679,2938.2,500,3438.2
VID1849,3597833,45845,8994.58,200,9194.58
VID1850,4483306,273827,11208.26,500,11708.26
VID1851,294369,15752,735.92,100,835.92
VID1852,3007129,149901,7517.82,500,8017.82
VID1853,4069318,296010,10173.3,500,10673.3
VID1854,2748808,80157,6872.02,500,7372.02
VID1855,2901080,194843,7252.7,500,7752.7
VID1856,110141,9903,275.35,0,275.35
VID1857,3099402,135665,7748.51,500,8248.51
VID1858,4519556,79208,11298.89,500,11798.89
VID1859,4763001,45739,11907.5,200,12107.5
VID1860,4572969,260982,11432.42,500,11932.42
VID1861,3228356,310090,8070.89,500,8570.89
VID1862,138125,10015,345.31,100,445.31
VID1863,2350077,190156,5875.19,500,6375.19
VID1864,2834152,69700,7085.38,500,7585.38
VID1865,1452547,80287,3631.37,500,4131.37
VID1866,4536059,192781,11340.15,500,11840.15
VID1867,4354224,192492,10885.56,500,11385.56
VID1868,1390035,71426,3475.09,500,3975.09
VID1869,2868008,12203,7170.02,100,7270.02
VID1870,3272859,237930,8182.15,500,8682.15
VID1871,4870805,421336,12177.01,500,12677.01
VID1872,4073924,77310,10184.81,500,10684.81
VID1873,3829144,341027,9572.86,500,10072.86
VID1874,260312,25663,650.78,200,850.78
VID1875,3635772,250375,9089.43,500,9589.43
VID1876,3198598,105418,7996.49,500,8496.49
VID1877,4456581,333925,11141.45,500,11641.45
VID1878,3893134,175496,9732.83,500,10232.83
VID1879,4547949,375897,11369.87,500,11869.87
VID1880,4510134,7907,11275.33,0,11275.33
VID1881,3820286,7385,9550.72,0,9550.72
VID1882,60019,3574,150.05,0,150.05
VID1883,1387121,92849,3467.8,500,3967.8
VID1884,3544973,237947,8862.43,500,9362.43
VID1885,3532304,31310,8830.76,200,9030.76
VID1886,4851421,246479,12128.55,500,12628.55
VID1887,1461307,32949,3653.27,200,3853.27
VID1888,314222,19810,785.55,100,885.55
VID1889,964050,38418,2410.12,200,2610.12
VID1890,2052213,45810,5130.53,200,5330.53
VID1891,2621270,195097,6553.18,500,7053.18
VID1892,4485609,428982,11214.02,500,11714.02
VID1893,1291889,8198,3229.72,0,3229.72
VID1894,2742308,62353,6855.77,500,7355.77
VID1895,4542318,443778,11355.8,500,11855.8
VID1896,4361590,420751,10903.98,500,11403.98
VID1897,153219,3064,383.05,0,383.05
VID1898,2873339,186468,7183.35,500,7683.35
VID1899,1362371,133941,3405.93,500,3905.93
VID1900,3977925,125821,9944.81,500,10444.81
VID1901,4442146,283464,11105.36,500,11605.36
VID1902,2820381,5359,7050.95,0,7050.95
VID1903,1338127,44700,3345.32,200,3545.32
VID1904,4699952,95262,11749.88,500,12249.88
VID1905,937479,43442,2343.7,200,2543.7
VID1906,2157388,96204,5393.47,500,5893.47
VID1907,451789,44770,1129.47,200,1329.47
VID1908,1326627,107460,3316.57,500,3816.57
VID1909,1949245,71782,4873.11,500,5373.11
VID1910,4888020,454432,12220.05,500,12720.05
VID1911,418554,5442,1046.38,0,1046.38
VID1912,1838864,176243,4597.16,500,5097.16
VID1913,3803515,128522,9508.79,500,10008.79
VID1914,4237572,172369,10593.93,500,11093.93
VID1915,3004963,300495,7512.41,500,8012.41
VID1916,4131531,51756,10328.83,500,10828.83
VID1917,3337671,180413,8344.18,500,8844.18
VID1918,1650541,10849,4126.35,100,4226.35
VID1919,2903672,95904,7259.18,500,7759.18
VID1920,1231879,36281,3079.7,200,3279.7
VID1921,3735081,249090,9337.7,500,9837.7
VID1922,3146761,121100,7866.9,500,8366.9
VID1923,183653,17321,459.13,100,559.13
VID1924,42219,3800,105.55,0,105.55
VID1925,3980702,110674,9951.76,500,10451.76
VID1926,4763820,140119,11909.55,500,12409.55
VID1927,2211077,150060,5527.69,500,6027.69
VID1928,3194882,69255,7987.2,500,8487.2
VID1929,3969504,388033,9923.76,500,10423.76
VID1930,4924694,119531,12311.74,500,12811.74
VID1931,3796989,377443,9492.47,500,9992.47
VID1932,2711346,174974,6778.36,500,7278.36
VID1933,3349655,293464,8374.14,500,8874.14
VID1934,1917859,167169,4794.65,500,5294.65
VID1935,1462270,33799,3655.68,200,3855.68
VID1936,2781019,216684,6952.55,500,7452.55
VID1937,2376201,77620,5940.5,500,6440.5
VID1938,864011,79246,2160.03,500,2660.03
VID1939,2401955,62504,6004.89,500,6504.89
VID1940,794693,72134,1986.73,500,2486.73
VID1941,4715991,118258,11789.98,500,12289.98
VID1942,3717720,25744,9294.3,200,9494.3
VID1943,1031394,42692,2578.49,200,2778.49
VID1944,1597168,96942,3992.92,500,4492.92
VID1945,1285777,80375,3214.44,500,3714.44
VID1946,4497107,191262,11242.77,500,11742.77
VID1947,3967368,147686,9918.42,500,10418.42
VID1948,4914695,18676,12286.74,100,12386.74
VID1949,3068965,303730,7672.41,500,8172.41
VID1950,2420906,239304,6052.26,500,6552.26
VID1951,2518807,241367,6297.02,500,6797.02
VID1952,1238604,15759,3096.51,100,3196.51
VID1953,841535,31402,2103.84,200,2303.84
VID1954,1779348,103761,4448.37,500,4948.37
VID1955,723242,29071,1808.11,200,2008.11
VID1956,1674539,6052,4186.35,0,4186.35
VID1957,4681980,41411,11704.95,200,11904.95
VID1958,1899100,48726,4747.75,200,4947.75
VID1959,3814509,311763,9536.27,500,10036.27
VID1960,1022372,43551,2555.93,200,2755.93
VID1961,4533801,342115,11334.5,500,11834.5
VID1962,2204652,170159,5511.63,500,6011.63
VID1963,4661669,337262,11654.17,500,12154.17
VID1964,918713,60164,2296.78,500,2796.78
VID1965,481044,30596,1202.61,200,1402.61
VID1966,3320673,153151,8301.68,500,8801.68
VID1967,2340712,1306,5851.78,0,5851.78
VID1968,537535,30049,1343.84,200,1543.84
VID1969,2163683,75428,5409.21,500,5909.21
VID1970,489528,4060,1223.82,0,1223.82
VID1971,1509511,137653,3773.78,500,4273.78
VID1972,2747771,182110,6869.43,500,7369.43
VID1973,3231847,172705,8079.62,500,8579.62
VID1974,3924423,216600,9811.06,500,10311.06
VID1975,145265,398,363.16,0,363.16
VID1976,3675250,271665,9188.12,500,9688.12
VID1977,3934328,107128,9835.82,500,10335.82
VID1978,397023,18671,992.56,100,1092.56
VID1979,3938769,9888,9846.92,0,9846.92
VID1980,877311,27455,2193.28,200,2393.28
VID1981,187019,517,467.55,0,467.55
VID1982,4513634,388390,11284.08,500,11784.08
VID1983,3176078,215678,7940.19,500,8440.19
VID1984,2930056,51912,7325.14,500,7825.14
VID1985,3725425,121222,9313.56,500,9813.56
VID1986,4922288,41321,12305.72,200,12505.72
VID1987,56174,4040,140.44,0,140.44
VID1988,4159745,127814,10399.36,500,10899.36
VID1989,392297,26533,980.74,200,1180.74
VID1990,261213,24674,653.03,200,853.03
VID1991,226879,160,567.2,0,567.2
VID1992,73917,5662,184.79,0,184.79
VID1993,4511966,7050,11279.92,0,11279.92
VID1994,2894722,135016,7236.81,500,7736.81
VID1995,1436437,58487,3591.09,500,4091.09
VID1996,3625432,132375,9063.58,500,9563.58
VID1997,220670,18878,551.67,100,651.67
VID1998,4173782,239929,10434.45,500,10934.45
VID1999,3212473,191055,8031.18,500,8531.18
VID2000,3915380,54752,9788.45,500,10288.45
